Province,Region,Island Group,Municipality/City,Geographic Level,Country
Basilan,Bangsamoro Autonomous Region In Muslim Mindanao (BARMM),Luzon,Akbar,municipality,Philippines
Basilan,Bangsamoro Autonomous Region In Muslim Mindanao (BARMM),Luzon,Al-Barka,municipality,Philippines
Basilan,Bangsamoro Autonomous Region In Muslim Mindanao (BARMM),Luzon,City of Lamitan,component_city,Philippines
Basilan,Bangsamoro Autonomous Region In Muslim Mindanao (BARMM),Luzon,Hadji Mohammad Ajul,municipality,Philippines
Basilan,Bangsamoro Autonomous Region In Muslim Mindanao (BARMM),Luzon,Hadji Muhtamad,municipality,Philippines
Basilan,Bangsamoro Autonomous Region In Muslim Mindanao (BARMM),Luzon,Lantawan,municipality,Philippines
Basilan,Bangsamoro Autonomous Region In Muslim Mindanao (BARMM),Luzon,Maluso,municipality,Philippines
Basilan,Bangsamoro Autonomous Region In Muslim Mindanao (BARMM),Luzon,Sumisip,municipality,Philippines
Basilan,Bangsamoro Autonomous Region In Muslim Mindanao (BARMM),Luzon,Tabuan-Lasa,municipality,Philippines
Basilan,Bangsamoro Autonomous Region In Muslim Mindanao (BARMM),Luzon,Tipo-Tipo,municipality,Philippines
Basilan,Bangsamoro Autonomous Region In Muslim Mindanao (BARMM),Luzon,Tuburan,municipality,Philippines
Basilan,Bangsamoro Autonomous Region In Muslim Mindanao (BARMM),Luzon,Ungkaya Pukan,municipality,Philippines
Lanao del Sur,Bangsamoro Autonomous Region In Muslim Mindanao (BARMM),Luzon,Amai Manabilang,municipality,Philippines
Lanao del Sur,Bangsamoro Autonomous Region In Muslim Mindanao (BARMM),Luzon,Bacolod-Kalawi,municipality,Philippines
Lanao del Sur,Bangsamoro Autonomous Region In Muslim Mindanao (BARMM),Luzon,Balabagan,municipality,Philippines
Lanao del Sur,Bangsamoro Autonomous Region In Muslim Mindanao (BARMM),Luzon,Balindong,municipality,Philippines
Lanao del Sur,Bangsamoro Autonomous Region In Muslim Mindanao (BARMM),Luzon,Bayang,municipality,Philippines
Lanao del Sur,Bangsamoro Autonomous Region In Muslim Mindanao (BARMM),Luzon,Binidayan,municipality,Philippines
Lanao del Sur,Bangsamoro Autonomous Region In Muslim Mindanao (BARMM),Luzon,Buadiposo-Buntong,municipality,Philippines
Lanao del Sur,Bangsamoro Autonomous Region In Muslim Mindanao (BARMM),Luzon,Bubong,municipality,Philippines
Lanao del Sur,Bangsamoro Autonomous Region In Muslim Mindanao (BARMM),Luzon,Butig,municipality,Philippines
Lanao del Sur,Bangsamoro Autonomous Region In Muslim Mindanao (BARMM),Luzon,Calanogas,municipality,Philippines
Lanao del Sur,Bangsamoro Autonomous Region In Muslim Mindanao (BARMM),Luzon,City of Marawi,component_city,Philippines
Lanao del Sur,Bangsamoro Autonomous Region In Muslim Mindanao (BARMM),Luzon,Ditsaan-Ramain,municipality,Philippines
Lanao del Sur,Bangsamoro Autonomous Region In Muslim Mindanao (BARMM),Luzon,Ganassi,municipality,Philippines
Lanao del Sur,Bangsamoro Autonomous Region In Muslim Mindanao (BARMM),Luzon,Kapai,municipality,Philippines
Lanao del Sur,Bangsamoro Autonomous Region In Muslim Mindanao (BARMM),Luzon,Kapatagan,municipality,Philippines
Lanao del Sur,Bangsamoro Autonomous Region In Muslim Mindanao (BARMM),Luzon,Lumba-Bayabao,municipality,Philippines
Lanao del Sur,Bangsamoro Autonomous Region In Muslim Mindanao (BARMM),Luzon,Lumbaca-Unayan,municipality,Philippines
Lanao del Sur,Bangsamoro Autonomous Region In Muslim Mindanao (BARMM),Luzon,Lumbatan,municipality,Philippines
Lanao del Sur,Bangsamoro Autonomous Region In Muslim Mindanao (BARMM),Luzon,Lumbayanague,municipality,Philippines
Lanao del Sur,Bangsamoro Autonomous Region In Muslim Mindanao (BARMM),Luzon,Madalum,municipality,Philippines
Lanao del Sur,Bangsamoro Autonomous Region In Muslim Mindanao (BARMM),Luzon,Madamba,municipality,Philippines
Lanao del Sur,Bangsamoro Autonomous Region In Muslim Mindanao (BARMM),Luzon,Maguing,municipality,Philippines
Lanao del Sur,Bangsamoro Autonomous Region In Muslim Mindanao (BARMM),Luzon,Malabang,municipality,Philippines
Lanao del Sur,Bangsamoro Autonomous Region In Muslim Mindanao (BARMM),Luzon,Marantao,municipality,Philippines
Lanao del Sur,Bangsamoro Autonomous Region In Muslim Mindanao (BARMM),Luzon,Marogong,municipality,Philippines
Lanao del Sur,Bangsamoro Autonomous Region In Muslim Mindanao (BARMM),Luzon,Masiu,municipality,Philippines
Lanao del Sur,Bangsamoro Autonomous Region In Muslim Mindanao (BARMM),Luzon,Mulondo,municipality,Philippines
Lanao del Sur,Bangsamoro Autonomous Region In Muslim Mindanao (BARMM),Luzon,Pagayawan,municipality,Philippines
Lanao del Sur,Bangsamoro Autonomous Region In Muslim Mindanao (BARMM),Luzon,Piagapo,municipality,Philippines
Lanao del Sur,Bangsamoro Autonomous Region In Muslim Mindanao (BARMM),Luzon,Picong,municipality,Philippines
Lanao del Sur,Bangsamoro Autonomous Region In Muslim Mindanao (BARMM),Luzon,Poona Bayabao,municipality,Philippines
Lanao del Sur,Bangsamoro Autonomous Region In Muslim Mindanao (BARMM),Luzon,Pualas,municipality,Philippines
Lanao del Sur,Bangsamoro Autonomous Region In Muslim Mindanao (BARMM),Luzon,Saguiaran,municipality,Philippines
Lanao del Sur,Bangsamoro Autonomous Region In Muslim Mindanao (BARMM),Luzon,Sultan Dumalondong,municipality,Philippines
Lanao del Sur,Bangsamoro Autonomous Region In Muslim Mindanao (BARMM),Luzon,Tagoloan II,municipality,Philippines
Lanao del Sur,Bangsamoro Autonomous Region In Muslim Mindanao (BARMM),Luzon,Tamparan,municipality,Philippines
Lanao del Sur,Bangsamoro Autonomous Region In Muslim Mindanao (BARMM),Luzon,Taraka,municipality,Philippines
Lanao del Sur,Bangsamoro Autonomous Region In Muslim Mindanao (BARMM),Luzon,Tubaran,municipality,Philippines
Lanao del Sur,Bangsamoro Autonomous Region In Muslim Mindanao (BARMM),Luzon,Tugaya,municipality,Philippines
Lanao del Sur,Bangsamoro Autonomous Region In Muslim Mindanao (BARMM),Luzon,Wao,municipality,Philippines
Maguindanao del Norte,Bangsamoro Autonomous Region In Muslim Mindanao (BARMM),Luzon,Barira,municipality,Philippines
Maguindanao del Norte,Bangsamoro Autonomous Region In Muslim Mindanao (BARMM),Luzon,Buldon,municipality,Philippines
Maguindanao del Norte,Bangsamoro Autonomous Region In Muslim Mindanao (BARMM),Luzon,City of Cotabato,independent_component_city,Philippines
Maguindanao del Norte,Bangsamoro Autonomous Region In Muslim Mindanao (BARMM),Luzon,Datu Blah T. Sinsuat,municipality,Philippines
Maguindanao del Norte,Bangsamoro Autonomous Region In Muslim Mindanao (BARMM),Luzon,Datu Odin Sinsuat,municipality,Philippines
Maguindanao del Norte,Bangsamoro Autonomous Region In Muslim Mindanao (BARMM),Luzon,Kabuntalan,municipality,Philippines
Maguindanao del Norte,Bangsamoro Autonomous Region In Muslim Mindanao (BARMM),Luzon,Matanog,municipality,Philippines
Maguindanao del Norte,Bangsamoro Autonomous Region In Muslim Mindanao (BARMM),Luzon,Northern Kabuntalan,municipality,Philippines
Maguindanao del Norte,Bangsamoro Autonomous Region In Muslim Mindanao (BARMM),Luzon,Parang,municipality,Philippines
Maguindanao del Norte,Bangsamoro Autonomous Region In Muslim Mindanao (BARMM),Luzon,Sultan Kudarat,municipality,Philippines
Maguindanao del Norte,Bangsamoro Autonomous Region In Muslim Mindanao (BARMM),Luzon,Sultan Mastura,municipality,Philippines
Maguindanao del Norte,Bangsamoro Autonomous Region In Muslim Mindanao (BARMM),Luzon,Talitay,municipality,Philippines
Maguindanao del Norte,Bangsamoro Autonomous Region In Muslim Mindanao (BARMM),Luzon,Upi,municipality,Philippines
Maguindanao del Sur,Bangsamoro Autonomous Region In Muslim Mindanao (BARMM),Luzon,Ampatuan,municipality,Philippines
Maguindanao del Sur,Bangsamoro Autonomous Region In Muslim Mindanao (BARMM),Luzon,Buluan,municipality,Philippines
Maguindanao del Sur,Bangsamoro Autonomous Region In Muslim Mindanao (BARMM),Luzon,Datu Abdullah Sangki,municipality,Philippines
Maguindanao del Sur,Bangsamoro Autonomous Region In Muslim Mindanao (BARMM),Luzon,Datu Anggal Midtimbang,municipality,Philippines
Maguindanao del Sur,Bangsamoro Autonomous Region In Muslim Mindanao (BARMM),Luzon,Datu Hoffer Ampatuan,municipality,Philippines
Maguindanao del Sur,Bangsamoro Autonomous Region In Muslim Mindanao (BARMM),Luzon,Datu Paglas,municipality,Philippines
Maguindanao del Sur,Bangsamoro Autonomous Region In Muslim Mindanao (BARMM),Luzon,Datu Piang,municipality,Philippines
Maguindanao del Sur,Bangsamoro Autonomous Region In Muslim Mindanao (BARMM),Luzon,Datu Salibo,municipality,Philippines
Maguindanao del Sur,Bangsamoro Autonomous Region In Muslim Mindanao (BARMM),Luzon,Datu Saudi Ampatuan,municipality,Philippines
Maguindanao del Sur,Bangsamoro Autonomous Region In Muslim Mindanao (BARMM),Luzon,Datu Unsay,municipality,Philippines
Maguindanao del Sur,Bangsamoro Autonomous Region In Muslim Mindanao (BARMM),Luzon,Gen. S.K. Pendatun,municipality,Philippines
Maguindanao del Sur,Bangsamoro Autonomous Region In Muslim Mindanao (BARMM),Luzon,Guindulungan,municipality,Philippines
Maguindanao del Sur,Bangsamoro Autonomous Region In Muslim Mindanao (BARMM),Luzon,Mamasapano,municipality,Philippines
Maguindanao del Sur,Bangsamoro Autonomous Region In Muslim Mindanao (BARMM),Luzon,Mangudadatu,municipality,Philippines
Maguindanao del Sur,Bangsamoro Autonomous Region In Muslim Mindanao (BARMM),Luzon,Pagagawan,municipality,Philippines
Maguindanao del Sur,Bangsamoro Autonomous Region In Muslim Mindanao (BARMM),Luzon,Pagalungan,municipality,Philippines
Maguindanao del Sur,Bangsamoro Autonomous Region In Muslim Mindanao (BARMM),Luzon,Paglat,municipality,Philippines
Maguindanao del Sur,Bangsamoro Autonomous Region In Muslim Mindanao (BARMM),Luzon,Pandag,municipality,Philippines
Maguindanao del Sur,Bangsamoro Autonomous Region In Muslim Mindanao (BARMM),Luzon,Rajah Buayan,municipality,Philippines
Maguindanao del Sur,Bangsamoro Autonomous Region In Muslim Mindanao (BARMM),Luzon,Shariff Aguak,municipality,Philippines
Maguindanao del Sur,Bangsamoro Autonomous Region In Muslim Mindanao (BARMM),Luzon,Shariff Saydona Mustapha,municipality,Philippines
Maguindanao del Sur,Bangsamoro Autonomous Region In Muslim Mindanao (BARMM),Luzon,South Upi,municipality,Philippines
Maguindanao del Sur,Bangsamoro Autonomous Region In Muslim Mindanao (BARMM),Luzon,Sultan Sa Barongis,municipality,Philippines
Maguindanao del Sur,Bangsamoro Autonomous Region In Muslim Mindanao (BARMM),Luzon,Talayan,municipality,Philippines
Tawi-Tawi,Bangsamoro Autonomous Region In Muslim Mindanao (BARMM),Luzon,Bongao,municipality,Philippines
Tawi-Tawi,Bangsamoro Autonomous Region In Muslim Mindanao (BARMM),Luzon,Languyan,municipality,Philippines
Tawi-Tawi,Bangsamoro Autonomous Region In Muslim Mindanao (BARMM),Luzon,Mapun,municipality,Philippines
Tawi-Tawi,Bangsamoro Autonomous Region In Muslim Mindanao (BARMM),Luzon,Panglima Sugala,municipality,Philippines
Tawi-Tawi,Bangsamoro Autonomous Region In Muslim Mindanao (BARMM),Luzon,Sapa-Sapa,municipality,Philippines
Tawi-Tawi,Bangsamoro Autonomous Region In Muslim Mindanao (BARMM),Luzon,Sibutu,municipality,Philippines
Tawi-Tawi,Bangsamoro Autonomous Region In Muslim Mindanao (BARMM),Luzon,Simunul,municipality,Philippines
Tawi-Tawi,Bangsamoro Autonomous Region In Muslim Mindanao (BARMM),Luzon,Sitangkai,municipality,Philippines
Tawi-Tawi,Bangsamoro Autonomous Region In Muslim Mindanao (BARMM),Luzon,South Ubian,municipality,Philippines
Tawi-Tawi,Bangsamoro Autonomous Region In Muslim Mindanao (BARMM),Luzon,Tandubas,municipality,Philippines
Tawi-Tawi,Bangsamoro Autonomous Region In Muslim Mindanao (BARMM),Luzon,Turtle Islands,municipality,Philippines
Abra,Cordillera Administrative Region (CAR),Luzon,Bangued,municipality,Philippines
Abra,Cordillera Administrative Region (CAR),Luzon,Boliney,municipality,Philippines
Abra,Cordillera Administrative Region (CAR),Luzon,Bucay,municipality,Philippines
Abra,Cordillera Administrative Region (CAR),Luzon,Bucloc,municipality,Philippines
Abra,Cordillera Administrative Region (CAR),Luzon,Daguioman,municipality,Philippines
Abra,Cordillera Administrative Region (CAR),Luzon,Danglas,municipality,Philippines
Abra,Cordillera Administrative Region (CAR),Luzon,Dolores,municipality,Philippines
Abra,Cordillera Administrative Region (CAR),Luzon,La Paz,municipality,Philippines
Abra,Cordillera Administrative Region (CAR),Luzon,Lacub,municipality,Philippines
Abra,Cordillera Administrative Region (CAR),Luzon,Lagangilang,municipality,Philippines
Abra,Cordillera Administrative Region (CAR),Luzon,Lagayan,municipality,Philippines
Abra,Cordillera Administrative Region (CAR),Luzon,Langiden,municipality,Philippines
Abra,Cordillera Administrative Region (CAR),Luzon,Licuan-Baay,municipality,Philippines
Abra,Cordillera Administrative Region (CAR),Luzon,Luba,municipality,Philippines
Abra,Cordillera Administrative Region (CAR),Luzon,Malibcong,municipality,Philippines
Abra,Cordillera Administrative Region (CAR),Luzon,Manabo,municipality,Philippines
Abra,Cordillera Administrative Region (CAR),Luzon,Peñarrubia,municipality,Philippines
Abra,Cordillera Administrative Region (CAR),Luzon,Pidigan,municipality,Philippines
Abra,Cordillera Administrative Region (CAR),Luzon,Pilar,municipality,Philippines
Abra,Cordillera Administrative Region (CAR),Luzon,Sallapadan,municipality,Philippines
Abra,Cordillera Administrative Region (CAR),Luzon,San Isidro,municipality,Philippines
Abra,Cordillera Administrative Region (CAR),Luzon,San Juan,municipality,Philippines
Abra,Cordillera Administrative Region (CAR),Luzon,San Quintin,municipality,Philippines
Abra,Cordillera Administrative Region (CAR),Luzon,Tayum,municipality,Philippines
Abra,Cordillera Administrative Region (CAR),Luzon,Tineg,municipality,Philippines
Abra,Cordillera Administrative Region (CAR),Luzon,Tubo,municipality,Philippines
Abra,Cordillera Administrative Region (CAR),Luzon,Villaviciosa,municipality,Philippines
Apayao,Cordillera Administrative Region (CAR),Luzon,Calanasan,municipality,Philippines
Apayao,Cordillera Administrative Region (CAR),Luzon,Conner,municipality,Philippines
Apayao,Cordillera Administrative Region (CAR),Luzon,Flora,municipality,Philippines
Apayao,Cordillera Administrative Region (CAR),Luzon,Kabugao,municipality,Philippines
Apayao,Cordillera Administrative Region (CAR),Luzon,Luna,municipality,Philippines
Apayao,Cordillera Administrative Region (CAR),Luzon,Pudtol,municipality,Philippines
Apayao,Cordillera Administrative Region (CAR),Luzon,Santa Marcela,municipality,Philippines
Benguet,Cordillera Administrative Region (CAR),Luzon,Atok,municipality,Philippines
Benguet,Cordillera Administrative Region (CAR),Luzon,Bakun,municipality,Philippines
Benguet,Cordillera Administrative Region (CAR),Luzon,Bokod,municipality,Philippines
Benguet,Cordillera Administrative Region (CAR),Luzon,Buguias,municipality,Philippines
Benguet,Cordillera Administrative Region (CAR),Luzon,Itogon,municipality,Philippines
Benguet,Cordillera Administrative Region (CAR),Luzon,Kabayan,municipality,Philippines
Benguet,Cordillera Administrative Region (CAR),Luzon,Kapangan,municipality,Philippines
Benguet,Cordillera Administrative Region (CAR),Luzon,Kibungan,municipality,Philippines
Benguet,Cordillera Administrative Region (CAR),Luzon,La Trinidad,municipality,Philippines
Benguet,Cordillera Administrative Region (CAR),Luzon,Mankayan,municipality,Philippines
Benguet,Cordillera Administrative Region (CAR),Luzon,Sablan,municipality,Philippines
Benguet,Cordillera Administrative Region (CAR),Luzon,Tuba,municipality,Philippines
Benguet,Cordillera Administrative Region (CAR),Luzon,Tublay,municipality,Philippines
Ifugao,Cordillera Administrative Region (CAR),Luzon,Aguinaldo,municipality,Philippines
Ifugao,Cordillera Administrative Region (CAR),Luzon,Alfonso Lista,municipality,Philippines
Ifugao,Cordillera Administrative Region (CAR),Luzon,Asipulo,municipality,Philippines
Ifugao,Cordillera Administrative Region (CAR),Luzon,Banaue,municipality,Philippines
Ifugao,Cordillera Administrative Region (CAR),Luzon,Hingyon,municipality,Philippines
Ifugao,Cordillera Administrative Region (CAR),Luzon,Hungduan,municipality,Philippines
Ifugao,Cordillera Administrative Region (CAR),Luzon,Kiangan,municipality,Philippines
Ifugao,Cordillera Administrative Region (CAR),Luzon,Lagawe,municipality,Philippines
Ifugao,Cordillera Administrative Region (CAR),Luzon,Lamut,municipality,Philippines
Ifugao,Cordillera Administrative Region (CAR),Luzon,Mayoyao,municipality,Philippines
Ifugao,Cordillera Administrative Region (CAR),Luzon,Tinoc,municipality,Philippines
Kalinga,Cordillera Administrative Region (CAR),Luzon,Balbalan,municipality,Philippines
Kalinga,Cordillera Administrative Region (CAR),Luzon,City of Tabuk,component_city,Philippines
Kalinga,Cordillera Administrative Region (CAR),Luzon,Lubuagan,municipality,Philippines
Kalinga,Cordillera Administrative Region (CAR),Luzon,Pasil,municipality,Philippines
Kalinga,Cordillera Administrative Region (CAR),Luzon,Pinukpuk,municipality,Philippines
Kalinga,Cordillera Administrative Region (CAR),Luzon,Rizal,municipality,Philippines
Kalinga,Cordillera Administrative Region (CAR),Luzon,Tanudan,municipality,Philippines
Kalinga,Cordillera Administrative Region (CAR),Luzon,Tinglayan,municipality,Philippines
Mountain Province,Cordillera Administrative Region (CAR),Luzon,Barlig,municipality,Philippines
Mountain Province,Cordillera Administrative Region (CAR),Luzon,Bauko,municipality,Philippines
Mountain Province,Cordillera Administrative Region (CAR),Luzon,Besao,municipality,Philippines
Mountain Province,Cordillera Administrative Region (CAR),Luzon,Bontoc,municipality,Philippines
Mountain Province,Cordillera Administrative Region (CAR),Luzon,Natonin,municipality,Philippines
Mountain Province,Cordillera Administrative Region (CAR),Luzon,Paracelis,municipality,Philippines
Mountain Province,Cordillera Administrative Region (CAR),Luzon,Sabangan,municipality,Philippines
Mountain Province,Cordillera Administrative Region (CAR),Luzon,Sadanga,municipality,Philippines
Mountain Province,Cordillera Administrative Region (CAR),Luzon,Sagada,municipality,Philippines
Mountain Province,Cordillera Administrative Region (CAR),Luzon,Tadian,municipality,Philippines
Marinduque,MIMAROPA Region,Luzon,Boac,municipality,Philippines
Marinduque,MIMAROPA Region,Luzon,Buenavista,municipality,Philippines
Marinduque,MIMAROPA Region,Luzon,Gasan,municipality,Philippines
Marinduque,MIMAROPA Region,Luzon,Mogpog,municipality,Philippines
Marinduque,MIMAROPA Region,Luzon,Santa Cruz,municipality,Philippines
Marinduque,MIMAROPA Region,Luzon,Torrijos,municipality,Philippines
Occidental Mindoro,MIMAROPA Region,Luzon,Abra De Ilog,municipality,Philippines
Occidental Mindoro,MIMAROPA Region,Luzon,Calintaan,municipality,Philippines
Occidental Mindoro,MIMAROPA Region,Luzon,Looc,municipality,Philippines
Occidental Mindoro,MIMAROPA Region,Luzon,Lubang,municipality,Philippines
Occidental Mindoro,MIMAROPA Region,Luzon,Magsaysay,municipality,Philippines
Occidental Mindoro,MIMAROPA Region,Luzon,Mamburao,municipality,Philippines
Occidental Mindoro,MIMAROPA Region,Luzon,Paluan,municipality,Philippines
Occidental Mindoro,MIMAROPA Region,Luzon,Rizal,municipality,Philippines
Occidental Mindoro,MIMAROPA Region,Luzon,Sablayan,municipality,Philippines
Occidental Mindoro,MIMAROPA Region,Luzon,San Jose,municipality,Philippines
Occidental Mindoro,MIMAROPA Region,Luzon,Santa Cruz,municipality,Philippines
Oriental Mindoro,MIMAROPA Region,Luzon,Baco,municipality,Philippines
Oriental Mindoro,MIMAROPA Region,Luzon,Bansud,municipality,Philippines
Oriental Mindoro,MIMAROPA Region,Luzon,Bongabong,municipality,Philippines
Oriental Mindoro,MIMAROPA Region,Luzon,Bulalacao,municipality,Philippines
Oriental Mindoro,MIMAROPA Region,Luzon,City of Calapan,component_city,Philippines
Oriental Mindoro,MIMAROPA Region,Luzon,Gloria,municipality,Philippines
Oriental Mindoro,MIMAROPA Region,Luzon,Mansalay,municipality,Philippines
Oriental Mindoro,MIMAROPA Region,Luzon,Naujan,municipality,Philippines
Oriental Mindoro,MIMAROPA Region,Luzon,Pinamalayan,municipality,Philippines
Oriental Mindoro,MIMAROPA Region,Luzon,Pola,municipality,Philippines
Oriental Mindoro,MIMAROPA Region,Luzon,Puerto Galera,municipality,Philippines
Oriental Mindoro,MIMAROPA Region,Luzon,Roxas,municipality,Philippines
Oriental Mindoro,MIMAROPA Region,Luzon,San Teodoro,municipality,Philippines
Oriental Mindoro,MIMAROPA Region,Luzon,Socorro,municipality,Philippines
Oriental Mindoro,MIMAROPA Region,Luzon,Victoria,municipality,Philippines
Palawan,MIMAROPA Region,Luzon,Aborlan,municipality,Philippines
Palawan,MIMAROPA Region,Luzon,Agutaya,municipality,Philippines
Palawan,MIMAROPA Region,Luzon,Araceli,municipality,Philippines
Palawan,MIMAROPA Region,Luzon,Balabac,municipality,Philippines
Palawan,MIMAROPA Region,Luzon,Bataraza,municipality,Philippines
Palawan,MIMAROPA Region,Luzon,Brooke's Point,municipality,Philippines
Palawan,MIMAROPA Region,Luzon,Busuanga,municipality,Philippines
Palawan,MIMAROPA Region,Luzon,Cagayancillo,municipality,Philippines
Palawan,MIMAROPA Region,Luzon,Coron,municipality,Philippines
Palawan,MIMAROPA Region,Luzon,Culion,municipality,Philippines
Palawan,MIMAROPA Region,Luzon,Cuyo,municipality,Philippines
Palawan,MIMAROPA Region,Luzon,Dr. Jose P. Rizal,municipality,Philippines
Palawan,MIMAROPA Region,Luzon,Dumaran,municipality,Philippines
Palawan,MIMAROPA Region,Luzon,El Nido,municipality,Philippines
Palawan,MIMAROPA Region,Luzon,Kalayaan,municipality,Philippines
Palawan,MIMAROPA Region,Luzon,Linapacan,municipality,Philippines
Palawan,MIMAROPA Region,Luzon,Magsaysay,municipality,Philippines
Palawan,MIMAROPA Region,Luzon,Narra,municipality,Philippines
Palawan,MIMAROPA Region,Luzon,Quezon,municipality,Philippines
Palawan,MIMAROPA Region,Luzon,Roxas,municipality,Philippines
Palawan,MIMAROPA Region,Luzon,San Vicente,municipality,Philippines
Palawan,MIMAROPA Region,Luzon,Sofronio Española,municipality,Philippines
Palawan,MIMAROPA Region,Luzon,Taytay,municipality,Philippines
Romblon,MIMAROPA Region,Luzon,Alcantara,municipality,Philippines
Romblon,MIMAROPA Region,Luzon,Banton,municipality,Philippines
Romblon,MIMAROPA Region,Luzon,Cajidiocan,municipality,Philippines
Romblon,MIMAROPA Region,Luzon,Calatrava,municipality,Philippines
Romblon,MIMAROPA Region,Luzon,Concepcion,municipality,Philippines
Romblon,MIMAROPA Region,Luzon,Corcuera,municipality,Philippines
Romblon,MIMAROPA Region,Luzon,Ferrol,municipality,Philippines
Romblon,MIMAROPA Region,Luzon,Looc,municipality,Philippines
Romblon,MIMAROPA Region,Luzon,Magdiwang,municipality,Philippines
Romblon,MIMAROPA Region,Luzon,Odiongan,municipality,Philippines
Romblon,MIMAROPA Region,Luzon,Romblon,municipality,Philippines
Romblon,MIMAROPA Region,Luzon,San Agustin,municipality,Philippines
Romblon,MIMAROPA Region,Luzon,San Andres,municipality,Philippines
Romblon,MIMAROPA Region,Luzon,San Fernando,municipality,Philippines
Romblon,MIMAROPA Region,Luzon,San Jose,municipality,Philippines
Romblon,MIMAROPA Region,Luzon,Santa Fe,municipality,Philippines
Romblon,MIMAROPA Region,Luzon,Santa Maria,municipality,Philippines
Negros Occidental,Negros Island Region (NIR),Visayas,Binalbagan,municipality,Philippines
Negros Occidental,Negros Island Region (NIR),Visayas,Calatrava,municipality,Philippines
Negros Occidental,Negros Island Region (NIR),Visayas,Candoni,municipality,Philippines
Negros Occidental,Negros Island Region (NIR),Visayas,Cauayan,municipality,Philippines
Negros Occidental,Negros Island Region (NIR),Visayas,City of Bago,component_city,Philippines
Negros Occidental,Negros Island Region (NIR),Visayas,City of Cadiz,component_city,Philippines
Negros Occidental,Negros Island Region (NIR),Visayas,City of Escalante,component_city,Philippines
Negros Occidental,Negros Island Region (NIR),Visayas,City of Himamaylan,component_city,Philippines
Negros Occidental,Negros Island Region (NIR),Visayas,City of Kabankalan,component_city,Philippines
Negros Occidental,Negros Island Region (NIR),Visayas,City of La Carlota,component_city,Philippines
Negros Occidental,Negros Island Region (NIR),Visayas,City of Sagay,component_city,Philippines
Negros Occidental,Negros Island Region (NIR),Visayas,City of San Carlos,component_city,Philippines
Negros Occidental,Negros Island Region (NIR),Visayas,City of Silay,component_city,Philippines
Negros Occidental,Negros Island Region (NIR),Visayas,City of Sipalay,component_city,Philippines
Negros Occidental,Negros Island Region (NIR),Visayas,City of Talisay,component_city,Philippines
Negros Occidental,Negros Island Region (NIR),Visayas,City of Victorias,component_city,Philippines
Negros Occidental,Negros Island Region (NIR),Visayas,Enrique B. Magalona,municipality,Philippines
Negros Occidental,Negros Island Region (NIR),Visayas,Hinigaran,municipality,Philippines
Negros Occidental,Negros Island Region (NIR),Visayas,Hinoba-an,municipality,Philippines
Negros Occidental,Negros Island Region (NIR),Visayas,Ilog,municipality,Philippines
Negros Occidental,Negros Island Region (NIR),Visayas,Isabela,municipality,Philippines
Negros Occidental,Negros Island Region (NIR),Visayas,La Castellana,municipality,Philippines
Negros Occidental,Negros Island Region (NIR),Visayas,Manapla,municipality,Philippines
Negros Occidental,Negros Island Region (NIR),Visayas,Moises Padilla,municipality,Philippines
Negros Occidental,Negros Island Region (NIR),Visayas,Murcia,municipality,Philippines
Negros Occidental,Negros Island Region (NIR),Visayas,Pontevedra,municipality,Philippines
Negros Occidental,Negros Island Region (NIR),Visayas,Pulupandan,municipality,Philippines
Negros Occidental,Negros Island Region (NIR),Visayas,Salvador Benedicto,municipality,Philippines
Negros Occidental,Negros Island Region (NIR),Visayas,San Enrique,municipality,Philippines
Negros Occidental,Negros Island Region (NIR),Visayas,Toboso,municipality,Philippines
Negros Occidental,Negros Island Region (NIR),Visayas,Valladolid,municipality,Philippines
Negros Oriental,Negros Island Region (NIR),Visayas,Amlan,municipality,Philippines
Negros Oriental,Negros Island Region (NIR),Visayas,Ayungon,municipality,Philippines
Negros Oriental,Negros Island Region (NIR),Visayas,Bacong,municipality,Philippines
Negros Oriental,Negros Island Region (NIR),Visayas,Basay,municipality,Philippines
Negros Oriental,Negros Island Region (NIR),Visayas,Bindoy,municipality,Philippines
Negros Oriental,Negros Island Region (NIR),Visayas,City of Bais,component_city,Philippines
Negros Oriental,Negros Island Region (NIR),Visayas,City of Bayawan,component_city,Philippines
Negros Oriental,Negros Island Region (NIR),Visayas,City of Canlaon,component_city,Philippines
Negros Oriental,Negros Island Region (NIR),Visayas,City of Dumaguete,component_city,Philippines
Negros Oriental,Negros Island Region (NIR),Visayas,City of Guihulngan,component_city,Philippines
Negros Oriental,Negros Island Region (NIR),Visayas,City of Tanjay,component_city,Philippines
Negros Oriental,Negros Island Region (NIR),Visayas,Dauin,municipality,Philippines
Negros Oriental,Negros Island Region (NIR),Visayas,Jimalalud,municipality,Philippines
Negros Oriental,Negros Island Region (NIR),Visayas,La Libertad,municipality,Philippines
Negros Oriental,Negros Island Region (NIR),Visayas,Mabinay,municipality,Philippines
Negros Oriental,Negros Island Region (NIR),Visayas,Manjuyod,municipality,Philippines
Negros Oriental,Negros Island Region (NIR),Visayas,Pamplona,municipality,Philippines
Negros Oriental,Negros Island Region (NIR),Visayas,San Jose,municipality,Philippines
Negros Oriental,Negros Island Region (NIR),Visayas,Santa Catalina,municipality,Philippines
Negros Oriental,Negros Island Region (NIR),Visayas,Siaton,municipality,Philippines
Negros Oriental,Negros Island Region (NIR),Visayas,Sibulan,municipality,Philippines
Negros Oriental,Negros Island Region (NIR),Visayas,Tayasan,municipality,Philippines
Negros Oriental,Negros Island Region (NIR),Visayas,Valencia,municipality,Philippines
Negros Oriental,Negros Island Region (NIR),Visayas,Vallehermoso,municipality,Philippines
Negros Oriental,Negros Island Region (NIR),Visayas,Zamboanguita,municipality,Philippines
Siquijor,Negros Island Region (NIR),Visayas,Enrique Villanueva,municipality,Philippines
Siquijor,Negros Island Region (NIR),Visayas,Larena,municipality,Philippines
Siquijor,Negros Island Region (NIR),Visayas,Lazi,municipality,Philippines
Siquijor,Negros Island Region (NIR),Visayas,Maria,municipality,Philippines
Siquijor,Negros Island Region (NIR),Visayas,San Juan,municipality,Philippines
Siquijor,Negros Island Region (NIR),Visayas,Siquijor,municipality,Philippines
Ilocos Norte,Region I (Ilocos Region),Luzon,Adams,municipality,Philippines
Ilocos Norte,Region I (Ilocos Region),Luzon,Bacarra,municipality,Philippines
Ilocos Norte,Region I (Ilocos Region),Luzon,Badoc,municipality,Philippines
Ilocos Norte,Region I (Ilocos Region),Luzon,Bangui,municipality,Philippines
Ilocos Norte,Region I (Ilocos Region),Luzon,Banna,municipality,Philippines
Ilocos Norte,Region I (Ilocos Region),Luzon,Burgos,municipality,Philippines
Ilocos Norte,Region I (Ilocos Region),Luzon,Carasi,municipality,Philippines
Ilocos Norte,Region I (Ilocos Region),Luzon,City of Batac,component_city,Philippines
Ilocos Norte,Region I (Ilocos Region),Luzon,City of Laoag,component_city,Philippines
Ilocos Norte,Region I (Ilocos Region),Luzon,Currimao,municipality,Philippines
Ilocos Norte,Region I (Ilocos Region),Luzon,Dingras,municipality,Philippines
Ilocos Norte,Region I (Ilocos Region),Luzon,Dumalneg,municipality,Philippines
Ilocos Norte,Region I (Ilocos Region),Luzon,Marcos,municipality,Philippines
Ilocos Norte,Region I (Ilocos Region),Luzon,Nueva Era,municipality,Philippines
Ilocos Norte,Region I (Ilocos Region),Luzon,Pagudpud,municipality,Philippines
Ilocos Norte,Region I (Ilocos Region),Luzon,Paoay,municipality,Philippines
Ilocos Norte,Region I (Ilocos Region),Luzon,Pasuquin,municipality,Philippines
Ilocos Norte,Region I (Ilocos Region),Luzon,Piddig,municipality,Philippines
Ilocos Norte,Region I (Ilocos Region),Luzon,Pinili,municipality,Philippines
Ilocos Norte,Region I (Ilocos Region),Luzon,San Nicolas,municipality,Philippines
Ilocos Norte,Region I (Ilocos Region),Luzon,Sarrat,municipality,Philippines
Ilocos Norte,Region I (Ilocos Region),Luzon,Solsona,municipality,Philippines
Ilocos Norte,Region I (Ilocos Region),Luzon,Vintar,municipality,Philippines
Ilocos Sur,Region I (Ilocos Region),Luzon,Alilem,municipality,Philippines
Ilocos Sur,Region I (Ilocos Region),Luzon,Banayoyo,municipality,Philippines
Ilocos Sur,Region I (Ilocos Region),Luzon,Bantay,municipality,Philippines
Ilocos Sur,Region I (Ilocos Region),Luzon,Burgos,municipality,Philippines
Ilocos Sur,Region I (Ilocos Region),Luzon,Cabugao,municipality,Philippines
Ilocos Sur,Region I (Ilocos Region),Luzon,Caoayan,municipality,Philippines
Ilocos Sur,Region I (Ilocos Region),Luzon,Cervantes,municipality,Philippines
Ilocos Sur,Region I (Ilocos Region),Luzon,City of Candon,component_city,Philippines
Ilocos Sur,Region I (Ilocos Region),Luzon,City of Vigan,component_city,Philippines
Ilocos Sur,Region I (Ilocos Region),Luzon,Galimuyod,municipality,Philippines
Ilocos Sur,Region I (Ilocos Region),Luzon,Gregorio del Pilar,municipality,Philippines
Ilocos Sur,Region I (Ilocos Region),Luzon,Lidlidda,municipality,Philippines
Ilocos Sur,Region I (Ilocos Region),Luzon,Magsingal,municipality,Philippines
Ilocos Sur,Region I (Ilocos Region),Luzon,Nagbukel,municipality,Philippines
Ilocos Sur,Region I (Ilocos Region),Luzon,Narvacan,municipality,Philippines
Ilocos Sur,Region I (Ilocos Region),Luzon,Quirino,municipality,Philippines
Ilocos Sur,Region I (Ilocos Region),Luzon,Salcedo,municipality,Philippines
Ilocos Sur,Region I (Ilocos Region),Luzon,San Emilio,municipality,Philippines
Ilocos Sur,Region I (Ilocos Region),Luzon,San Esteban,municipality,Philippines
Ilocos Sur,Region I (Ilocos Region),Luzon,San Ildefonso,municipality,Philippines
Ilocos Sur,Region I (Ilocos Region),Luzon,San Juan,municipality,Philippines
Ilocos Sur,Region I (Ilocos Region),Luzon,San Vicente,municipality,Philippines
Ilocos Sur,Region I (Ilocos Region),Luzon,Santa,municipality,Philippines
Ilocos Sur,Region I (Ilocos Region),Luzon,Santa Catalina,municipality,Philippines
Ilocos Sur,Region I (Ilocos Region),Luzon,Santa Cruz,municipality,Philippines
Ilocos Sur,Region I (Ilocos Region),Luzon,Santa Lucia,municipality,Philippines
Ilocos Sur,Region I (Ilocos Region),Luzon,Santa Maria,municipality,Philippines
Ilocos Sur,Region I (Ilocos Region),Luzon,Santiago,municipality,Philippines
Ilocos Sur,Region I (Ilocos Region),Luzon,Santo Domingo,municipality,Philippines
Ilocos Sur,Region I (Ilocos Region),Luzon,Sigay,municipality,Philippines
Ilocos Sur,Region I (Ilocos Region),Luzon,Sinait,municipality,Philippines
Ilocos Sur,Region I (Ilocos Region),Luzon,Sugpon,municipality,Philippines
Ilocos Sur,Region I (Ilocos Region),Luzon,Suyo,municipality,Philippines
Ilocos Sur,Region I (Ilocos Region),Luzon,Tagudin,municipality,Philippines
La Union,Region I (Ilocos Region),Luzon,Agoo,municipality,Philippines
La Union,Region I (Ilocos Region),Luzon,Aringay,municipality,Philippines
La Union,Region I (Ilocos Region),Luzon,Bacnotan,municipality,Philippines
La Union,Region I (Ilocos Region),Luzon,Bagulin,municipality,Philippines
La Union,Region I (Ilocos Region),Luzon,Balaoan,municipality,Philippines
La Union,Region I (Ilocos Region),Luzon,Bangar,municipality,Philippines
La Union,Region I (Ilocos Region),Luzon,Bauang,municipality,Philippines
La Union,Region I (Ilocos Region),Luzon,Burgos,municipality,Philippines
La Union,Region I (Ilocos Region),Luzon,Caba,municipality,Philippines
La Union,Region I (Ilocos Region),Luzon,City of San Fernando,component_city,Philippines
La Union,Region I (Ilocos Region),Luzon,Luna,municipality,Philippines
La Union,Region I (Ilocos Region),Luzon,Naguilian,municipality,Philippines
La Union,Region I (Ilocos Region),Luzon,Pugo,municipality,Philippines
La Union,Region I (Ilocos Region),Luzon,Rosario,municipality,Philippines
La Union,Region I (Ilocos Region),Luzon,San Gabriel,municipality,Philippines
La Union,Region I (Ilocos Region),Luzon,San Juan,municipality,Philippines
La Union,Region I (Ilocos Region),Luzon,Santo Tomas,municipality,Philippines
La Union,Region I (Ilocos Region),Luzon,Santol,municipality,Philippines
La Union,Region I (Ilocos Region),Luzon,Sudipen,municipality,Philippines
La Union,Region I (Ilocos Region),Luzon,Tubao,municipality,Philippines
Pangasinan,Region I (Ilocos Region),Luzon,Agno,municipality,Philippines
Pangasinan,Region I (Ilocos Region),Luzon,Aguilar,municipality,Philippines
Pangasinan,Region I (Ilocos Region),Luzon,Alcala,municipality,Philippines
Pangasinan,Region I (Ilocos Region),Luzon,Anda,municipality,Philippines
Pangasinan,Region I (Ilocos Region),Luzon,Asingan,municipality,Philippines
Pangasinan,Region I (Ilocos Region),Luzon,Balungao,municipality,Philippines
Pangasinan,Region I (Ilocos Region),Luzon,Bani,municipality,Philippines
Pangasinan,Region I (Ilocos Region),Luzon,Basista,municipality,Philippines
Pangasinan,Region I (Ilocos Region),Luzon,Bautista,municipality,Philippines
Pangasinan,Region I (Ilocos Region),Luzon,Bayambang,municipality,Philippines
Pangasinan,Region I (Ilocos Region),Luzon,Binalonan,municipality,Philippines
Pangasinan,Region I (Ilocos Region),Luzon,Binmaley,municipality,Philippines
Pangasinan,Region I (Ilocos Region),Luzon,Bolinao,municipality,Philippines
Pangasinan,Region I (Ilocos Region),Luzon,Bugallon,municipality,Philippines
Pangasinan,Region I (Ilocos Region),Luzon,Burgos,municipality,Philippines
Pangasinan,Region I (Ilocos Region),Luzon,Calasiao,municipality,Philippines
Pangasinan,Region I (Ilocos Region),Luzon,City of Alaminos,component_city,Philippines
Pangasinan,Region I (Ilocos Region),Luzon,City of Dagupan,independent_component_city,Philippines
Pangasinan,Region I (Ilocos Region),Luzon,City of San Carlos,component_city,Philippines
Pangasinan,Region I (Ilocos Region),Luzon,City of Urdaneta,component_city,Philippines
Pangasinan,Region I (Ilocos Region),Luzon,Dasol,municipality,Philippines
Pangasinan,Region I (Ilocos Region),Luzon,Infanta,municipality,Philippines
Pangasinan,Region I (Ilocos Region),Luzon,Labrador,municipality,Philippines
Pangasinan,Region I (Ilocos Region),Luzon,Laoac,municipality,Philippines
Pangasinan,Region I (Ilocos Region),Luzon,Lingayen,municipality,Philippines
Pangasinan,Region I (Ilocos Region),Luzon,Mabini,municipality,Philippines
Pangasinan,Region I (Ilocos Region),Luzon,Malasiqui,municipality,Philippines
Pangasinan,Region I (Ilocos Region),Luzon,Manaoag,municipality,Philippines
Pangasinan,Region I (Ilocos Region),Luzon,Mangaldan,municipality,Philippines
Pangasinan,Region I (Ilocos Region),Luzon,Mangatarem,municipality,Philippines
Pangasinan,Region I (Ilocos Region),Luzon,Mapandan,municipality,Philippines
Pangasinan,Region I (Ilocos Region),Luzon,Natividad,municipality,Philippines
Pangasinan,Region I (Ilocos Region),Luzon,Pozorrubio,municipality,Philippines
Pangasinan,Region I (Ilocos Region),Luzon,Rosales,municipality,Philippines
Pangasinan,Region I (Ilocos Region),Luzon,San Fabian,municipality,Philippines
Pangasinan,Region I (Ilocos Region),Luzon,San Jacinto,municipality,Philippines
Pangasinan,Region I (Ilocos Region),Luzon,San Manuel,municipality,Philippines
Pangasinan,Region I (Ilocos Region),Luzon,San Nicolas,municipality,Philippines
Pangasinan,Region I (Ilocos Region),Luzon,San Quintin,municipality,Philippines
Pangasinan,Region I (Ilocos Region),Luzon,Santa Barbara,municipality,Philippines
Pangasinan,Region I (Ilocos Region),Luzon,Santa Maria,municipality,Philippines
Pangasinan,Region I (Ilocos Region),Luzon,Santo Tomas,municipality,Philippines
Pangasinan,Region I (Ilocos Region),Luzon,Sison,municipality,Philippines
Pangasinan,Region I (Ilocos Region),Luzon,Sual,municipality,Philippines
Pangasinan,Region I (Ilocos Region),Luzon,Tayug,municipality,Philippines
Pangasinan,Region I (Ilocos Region),Luzon,Umingan,municipality,Philippines
Pangasinan,Region I (Ilocos Region),Luzon,Urbiztondo,municipality,Philippines
Pangasinan,Region I (Ilocos Region),Luzon,Villasis,municipality,Philippines
Batanes,Region II (Cagayan Valley),Luzon,Basco,municipality,Philippines
Batanes,Region II (Cagayan Valley),Luzon,Itbayat,municipality,Philippines
Batanes,Region II (Cagayan Valley),Luzon,Ivana,municipality,Philippines
Batanes,Region II (Cagayan Valley),Luzon,Mahatao,municipality,Philippines
Batanes,Region II (Cagayan Valley),Luzon,Sabtang,municipality,Philippines
Batanes,Region II (Cagayan Valley),Luzon,Uyugan,municipality,Philippines
Cagayan,Region II (Cagayan Valley),Luzon,Abulug,municipality,Philippines
Cagayan,Region II (Cagayan Valley),Luzon,Alcala,municipality,Philippines
Cagayan,Region II (Cagayan Valley),Luzon,Allacapan,municipality,Philippines
Cagayan,Region II (Cagayan Valley),Luzon,Amulung,municipality,Philippines
Cagayan,Region II (Cagayan Valley),Luzon,Aparri,municipality,Philippines
Cagayan,Region II (Cagayan Valley),Luzon,Baggao,municipality,Philippines
Cagayan,Region II (Cagayan Valley),Luzon,Ballesteros,municipality,Philippines
Cagayan,Region II (Cagayan Valley),Luzon,Buguey,municipality,Philippines
Cagayan,Region II (Cagayan Valley),Luzon,Calayan,municipality,Philippines
Cagayan,Region II (Cagayan Valley),Luzon,Camalaniugan,municipality,Philippines
Cagayan,Region II (Cagayan Valley),Luzon,Claveria,municipality,Philippines
Cagayan,Region II (Cagayan Valley),Luzon,Enrile,municipality,Philippines
Cagayan,Region II (Cagayan Valley),Luzon,Gattaran,municipality,Philippines
Cagayan,Region II (Cagayan Valley),Luzon,Gonzaga,municipality,Philippines
Cagayan,Region II (Cagayan Valley),Luzon,Iguig,municipality,Philippines
Cagayan,Region II (Cagayan Valley),Luzon,Lal-Lo,municipality,Philippines
Cagayan,Region II (Cagayan Valley),Luzon,Lasam,municipality,Philippines
Cagayan,Region II (Cagayan Valley),Luzon,Pamplona,municipality,Philippines
Cagayan,Region II (Cagayan Valley),Luzon,Peñablanca,municipality,Philippines
Cagayan,Region II (Cagayan Valley),Luzon,Piat,municipality,Philippines
Cagayan,Region II (Cagayan Valley),Luzon,Rizal,municipality,Philippines
Cagayan,Region II (Cagayan Valley),Luzon,Sanchez Mira,municipality,Philippines
Cagayan,Region II (Cagayan Valley),Luzon,Santa Ana,municipality,Philippines
Cagayan,Region II (Cagayan Valley),Luzon,Santa Praxedes,municipality,Philippines
Cagayan,Region II (Cagayan Valley),Luzon,Santa Teresita,municipality,Philippines
Cagayan,Region II (Cagayan Valley),Luzon,Santo Niño,municipality,Philippines
Cagayan,Region II (Cagayan Valley),Luzon,Solana,municipality,Philippines
Cagayan,Region II (Cagayan Valley),Luzon,Tuao,municipality,Philippines
Cagayan,Region II (Cagayan Valley),Luzon,Tuguegarao City,component_city,Philippines
Isabela,Region II (Cagayan Valley),Luzon,Alicia,municipality,Philippines
Isabela,Region II (Cagayan Valley),Luzon,Angadanan,municipality,Philippines
Isabela,Region II (Cagayan Valley),Luzon,Aurora,municipality,Philippines
Isabela,Region II (Cagayan Valley),Luzon,Benito Soliven,municipality,Philippines
Isabela,Region II (Cagayan Valley),Luzon,Burgos,municipality,Philippines
Isabela,Region II (Cagayan Valley),Luzon,Cabagan,municipality,Philippines
Isabela,Region II (Cagayan Valley),Luzon,Cabatuan,municipality,Philippines
Isabela,Region II (Cagayan Valley),Luzon,City of Cauayan,component_city,Philippines
Isabela,Region II (Cagayan Valley),Luzon,City of Ilagan,component_city,Philippines
Isabela,Region II (Cagayan Valley),Luzon,City of Santiago,independent_component_city,Philippines
Isabela,Region II (Cagayan Valley),Luzon,Cordon,municipality,Philippines
Isabela,Region II (Cagayan Valley),Luzon,Delfin Albano,municipality,Philippines
Isabela,Region II (Cagayan Valley),Luzon,Dinapigue,municipality,Philippines
Isabela,Region II (Cagayan Valley),Luzon,Divilacan,municipality,Philippines
Isabela,Region II (Cagayan Valley),Luzon,Echague,municipality,Philippines
Isabela,Region II (Cagayan Valley),Luzon,Gamu,municipality,Philippines
Isabela,Region II (Cagayan Valley),Luzon,Jones,municipality,Philippines
Isabela,Region II (Cagayan Valley),Luzon,Luna,municipality,Philippines
Isabela,Region II (Cagayan Valley),Luzon,Maconacon,municipality,Philippines
Isabela,Region II (Cagayan Valley),Luzon,Mallig,municipality,Philippines
Isabela,Region II (Cagayan Valley),Luzon,Naguilian,municipality,Philippines
Isabela,Region II (Cagayan Valley),Luzon,Palanan,municipality,Philippines
Isabela,Region II (Cagayan Valley),Luzon,Quezon,municipality,Philippines
Isabela,Region II (Cagayan Valley),Luzon,Quirino,municipality,Philippines
Isabela,Region II (Cagayan Valley),Luzon,Ramon,municipality,Philippines
Isabela,Region II (Cagayan Valley),Luzon,Reina Mercedes,municipality,Philippines
Isabela,Region II (Cagayan Valley),Luzon,Roxas,municipality,Philippines
Isabela,Region II (Cagayan Valley),Luzon,San Agustin,municipality,Philippines
Isabela,Region II (Cagayan Valley),Luzon,San Guillermo,municipality,Philippines
Isabela,Region II (Cagayan Valley),Luzon,San Isidro,municipality,Philippines
Isabela,Region II (Cagayan Valley),Luzon,San Manuel,municipality,Philippines
Isabela,Region II (Cagayan Valley),Luzon,San Mariano,municipality,Philippines
Isabela,Region II (Cagayan Valley),Luzon,San Mateo,municipality,Philippines
Isabela,Region II (Cagayan Valley),Luzon,San Pablo,municipality,Philippines
Isabela,Region II (Cagayan Valley),Luzon,Santa Maria,municipality,Philippines
Isabela,Region II (Cagayan Valley),Luzon,Santo Tomas,municipality,Philippines
Isabela,Region II (Cagayan Valley),Luzon,Tumauini,municipality,Philippines
Nueva Vizcaya,Region II (Cagayan Valley),Luzon,Alfonso Castaneda,municipality,Philippines
Nueva Vizcaya,Region II (Cagayan Valley),Luzon,Ambaguio,municipality,Philippines
Nueva Vizcaya,Region II (Cagayan Valley),Luzon,Aritao,municipality,Philippines
Nueva Vizcaya,Region II (Cagayan Valley),Luzon,Bagabag,municipality,Philippines
Nueva Vizcaya,Region II (Cagayan Valley),Luzon,Bambang,municipality,Philippines
Nueva Vizcaya,Region II (Cagayan Valley),Luzon,Bayombong,municipality,Philippines
Nueva Vizcaya,Region II (Cagayan Valley),Luzon,Diadi,municipality,Philippines
Nueva Vizcaya,Region II (Cagayan Valley),Luzon,Dupax del Norte,municipality,Philippines
Nueva Vizcaya,Region II (Cagayan Valley),Luzon,Dupax del Sur,municipality,Philippines
Nueva Vizcaya,Region II (Cagayan Valley),Luzon,Kasibu,municipality,Philippines
Nueva Vizcaya,Region II (Cagayan Valley),Luzon,Kayapa,municipality,Philippines
Nueva Vizcaya,Region II (Cagayan Valley),Luzon,Quezon,municipality,Philippines
Nueva Vizcaya,Region II (Cagayan Valley),Luzon,Santa Fe,municipality,Philippines
Nueva Vizcaya,Region II (Cagayan Valley),Luzon,Solano,municipality,Philippines
Nueva Vizcaya,Region II (Cagayan Valley),Luzon,Villaverde,municipality,Philippines
Quirino,Region II (Cagayan Valley),Luzon,Aglipay,municipality,Philippines
Quirino,Region II (Cagayan Valley),Luzon,Cabarroguis,municipality,Philippines
Quirino,Region II (Cagayan Valley),Luzon,Diffun,municipality,Philippines
Quirino,Region II (Cagayan Valley),Luzon,Maddela,municipality,Philippines
Quirino,Region II (Cagayan Valley),Luzon,Nagtipunan,municipality,Philippines
Quirino,Region II (Cagayan Valley),Luzon,Saguday,municipality,Philippines
Aurora,Region III (Central Luzon),Luzon,Baler,municipality,Philippines
Aurora,Region III (Central Luzon),Luzon,Casiguran,municipality,Philippines
Aurora,Region III (Central Luzon),Luzon,Dilasag,municipality,Philippines
Aurora,Region III (Central Luzon),Luzon,Dinalungan,municipality,Philippines
Aurora,Region III (Central Luzon),Luzon,Dingalan,municipality,Philippines
Aurora,Region III (Central Luzon),Luzon,Dipaculao,municipality,Philippines
Aurora,Region III (Central Luzon),Luzon,Maria Aurora,municipality,Philippines
Aurora,Region III (Central Luzon),Luzon,San Luis,municipality,Philippines
Bataan,Region III (Central Luzon),Luzon,Abucay,municipality,Philippines
Bataan,Region III (Central Luzon),Luzon,Bagac,municipality,Philippines
Bataan,Region III (Central Luzon),Luzon,City of Balanga,component_city,Philippines
Bataan,Region III (Central Luzon),Luzon,Dinalupihan,municipality,Philippines
Bataan,Region III (Central Luzon),Luzon,Hermosa,municipality,Philippines
Bataan,Region III (Central Luzon),Luzon,Limay,municipality,Philippines
Bataan,Region III (Central Luzon),Luzon,Mariveles,municipality,Philippines
Bataan,Region III (Central Luzon),Luzon,Morong,municipality,Philippines
Bataan,Region III (Central Luzon),Luzon,Orani,municipality,Philippines
Bataan,Region III (Central Luzon),Luzon,Orion,municipality,Philippines
Bataan,Region III (Central Luzon),Luzon,Pilar,municipality,Philippines
Bataan,Region III (Central Luzon),Luzon,Samal,municipality,Philippines
Bulacan,Region III (Central Luzon),Luzon,Angat,municipality,Philippines
Bulacan,Region III (Central Luzon),Luzon,Balagtas,municipality,Philippines
Bulacan,Region III (Central Luzon),Luzon,Bocaue,municipality,Philippines
Bulacan,Region III (Central Luzon),Luzon,Bulacan,municipality,Philippines
Bulacan,Region III (Central Luzon),Luzon,Bustos,municipality,Philippines
Bulacan,Region III (Central Luzon),Luzon,Calumpit,municipality,Philippines
Bulacan,Region III (Central Luzon),Luzon,City of Baliwag,component_city,Philippines
Bulacan,Region III (Central Luzon),Luzon,City of Malolos,component_city,Philippines
Bulacan,Region III (Central Luzon),Luzon,City of Meycauayan,component_city,Philippines
Bulacan,Region III (Central Luzon),Luzon,City of San Jose Del Monte,component_city,Philippines
Bulacan,Region III (Central Luzon),Luzon,Doña Remedios Trinidad,municipality,Philippines
Bulacan,Region III (Central Luzon),Luzon,Guiguinto,municipality,Philippines
Bulacan,Region III (Central Luzon),Luzon,Hagonoy,municipality,Philippines
Bulacan,Region III (Central Luzon),Luzon,Marilao,municipality,Philippines
Bulacan,Region III (Central Luzon),Luzon,Norzagaray,municipality,Philippines
Bulacan,Region III (Central Luzon),Luzon,Obando,municipality,Philippines
Bulacan,Region III (Central Luzon),Luzon,Pandi,municipality,Philippines
Bulacan,Region III (Central Luzon),Luzon,Paombong,municipality,Philippines
Bulacan,Region III (Central Luzon),Luzon,Plaridel,municipality,Philippines
Bulacan,Region III (Central Luzon),Luzon,Pulilan,municipality,Philippines
Bulacan,Region III (Central Luzon),Luzon,San Ildefonso,municipality,Philippines
Bulacan,Region III (Central Luzon),Luzon,San Miguel,municipality,Philippines
Bulacan,Region III (Central Luzon),Luzon,San Rafael,municipality,Philippines
Bulacan,Region III (Central Luzon),Luzon,Santa Maria,municipality,Philippines
Nueva Ecija,Region III (Central Luzon),Luzon,Aliaga,municipality,Philippines
Nueva Ecija,Region III (Central Luzon),Luzon,Bongabon,municipality,Philippines
Nueva Ecija,Region III (Central Luzon),Luzon,Cabiao,municipality,Philippines
Nueva Ecija,Region III (Central Luzon),Luzon,Carranglan,municipality,Philippines
Nueva Ecija,Region III (Central Luzon),Luzon,City of Cabanatuan,component_city,Philippines
Nueva Ecija,Region III (Central Luzon),Luzon,City of Gapan,component_city,Philippines
Nueva Ecija,Region III (Central Luzon),Luzon,City of Palayan,component_city,Philippines
Nueva Ecija,Region III (Central Luzon),Luzon,Cuyapo,municipality,Philippines
Nueva Ecija,Region III (Central Luzon),Luzon,Gabaldon,municipality,Philippines
Nueva Ecija,Region III (Central Luzon),Luzon,General Mamerto Natividad,municipality,Philippines
Nueva Ecija,Region III (Central Luzon),Luzon,General Tinio,municipality,Philippines
Nueva Ecija,Region III (Central Luzon),Luzon,Guimba,municipality,Philippines
Nueva Ecija,Region III (Central Luzon),Luzon,Jaen,municipality,Philippines
Nueva Ecija,Region III (Central Luzon),Luzon,Laur,municipality,Philippines
Nueva Ecija,Region III (Central Luzon),Luzon,Licab,municipality,Philippines
Nueva Ecija,Region III (Central Luzon),Luzon,Llanera,municipality,Philippines
Nueva Ecija,Region III (Central Luzon),Luzon,Lupao,municipality,Philippines
Nueva Ecija,Region III (Central Luzon),Luzon,Nampicuan,municipality,Philippines
Nueva Ecija,Region III (Central Luzon),Luzon,Pantabangan,municipality,Philippines
Nueva Ecija,Region III (Central Luzon),Luzon,Peñaranda,municipality,Philippines
Nueva Ecija,Region III (Central Luzon),Luzon,Quezon,municipality,Philippines
Nueva Ecija,Region III (Central Luzon),Luzon,Rizal,municipality,Philippines
Nueva Ecija,Region III (Central Luzon),Luzon,San Antonio,municipality,Philippines
Nueva Ecija,Region III (Central Luzon),Luzon,San Isidro,municipality,Philippines
Nueva Ecija,Region III (Central Luzon),Luzon,San Jose City,component_city,Philippines
Nueva Ecija,Region III (Central Luzon),Luzon,San Leonardo,municipality,Philippines
Nueva Ecija,Region III (Central Luzon),Luzon,Santa Rosa,municipality,Philippines
Nueva Ecija,Region III (Central Luzon),Luzon,Santo Domingo,municipality,Philippines
Nueva Ecija,Region III (Central Luzon),Luzon,Science City of Muñoz,component_city,Philippines
Nueva Ecija,Region III (Central Luzon),Luzon,Talavera,municipality,Philippines
Nueva Ecija,Region III (Central Luzon),Luzon,Talugtug,municipality,Philippines
Nueva Ecija,Region III (Central Luzon),Luzon,Zaragoza,municipality,Philippines
Pampanga,Region III (Central Luzon),Luzon,Apalit,municipality,Philippines
Pampanga,Region III (Central Luzon),Luzon,Arayat,municipality,Philippines
Pampanga,Region III (Central Luzon),Luzon,Bacolor,municipality,Philippines
Pampanga,Region III (Central Luzon),Luzon,Candaba,municipality,Philippines
Pampanga,Region III (Central Luzon),Luzon,City of San Fernando,component_city,Philippines
Pampanga,Region III (Central Luzon),Luzon,Floridablanca,municipality,Philippines
Pampanga,Region III (Central Luzon),Luzon,Guagua,municipality,Philippines
Pampanga,Region III (Central Luzon),Luzon,Lubao,municipality,Philippines
Pampanga,Region III (Central Luzon),Luzon,Mabalacat City,component_city,Philippines
Pampanga,Region III (Central Luzon),Luzon,Macabebe,municipality,Philippines
Pampanga,Region III (Central Luzon),Luzon,Magalang,municipality,Philippines
Pampanga,Region III (Central Luzon),Luzon,Masantol,municipality,Philippines
Pampanga,Region III (Central Luzon),Luzon,Mexico,municipality,Philippines
Pampanga,Region III (Central Luzon),Luzon,Minalin,municipality,Philippines
Pampanga,Region III (Central Luzon),Luzon,Porac,municipality,Philippines
Pampanga,Region III (Central Luzon),Luzon,San Luis,municipality,Philippines
Pampanga,Region III (Central Luzon),Luzon,San Simon,municipality,Philippines
Pampanga,Region III (Central Luzon),Luzon,Santa Ana,municipality,Philippines
Pampanga,Region III (Central Luzon),Luzon,Santa Rita,municipality,Philippines
Pampanga,Region III (Central Luzon),Luzon,Sasmuan,municipality,Philippines
Pampanga,Region III (Central Luzon),Luzon,Sto. Tomas,municipality,Philippines
Tarlac,Region III (Central Luzon),Luzon,Anao,municipality,Philippines
Tarlac,Region III (Central Luzon),Luzon,Bamban,municipality,Philippines
Tarlac,Region III (Central Luzon),Luzon,Camiling,municipality,Philippines
Tarlac,Region III (Central Luzon),Luzon,Capas,municipality,Philippines
Tarlac,Region III (Central Luzon),Luzon,City of Tarlac,component_city,Philippines
Tarlac,Region III (Central Luzon),Luzon,Concepcion,municipality,Philippines
Tarlac,Region III (Central Luzon),Luzon,Gerona,municipality,Philippines
Tarlac,Region III (Central Luzon),Luzon,La Paz,municipality,Philippines
Tarlac,Region III (Central Luzon),Luzon,Mayantoc,municipality,Philippines
Tarlac,Region III (Central Luzon),Luzon,Moncada,municipality,Philippines
Tarlac,Region III (Central Luzon),Luzon,Paniqui,municipality,Philippines
Tarlac,Region III (Central Luzon),Luzon,Pura,municipality,Philippines
Tarlac,Region III (Central Luzon),Luzon,Ramos,municipality,Philippines
Tarlac,Region III (Central Luzon),Luzon,San Clemente,municipality,Philippines
Tarlac,Region III (Central Luzon),Luzon,San Jose,municipality,Philippines
Tarlac,Region III (Central Luzon),Luzon,San Manuel,municipality,Philippines
Tarlac,Region III (Central Luzon),Luzon,Santa Ignacia,municipality,Philippines
Tarlac,Region III (Central Luzon),Luzon,Victoria,municipality,Philippines
Zambales,Region III (Central Luzon),Luzon,Botolan,municipality,Philippines
Zambales,Region III (Central Luzon),Luzon,Cabangan,municipality,Philippines
Zambales,Region III (Central Luzon),Luzon,Candelaria,municipality,Philippines
Zambales,Region III (Central Luzon),Luzon,Castillejos,municipality,Philippines
Zambales,Region III (Central Luzon),Luzon,Iba,municipality,Philippines
Zambales,Region III (Central Luzon),Luzon,Masinloc,municipality,Philippines
Zambales,Region III (Central Luzon),Luzon,Palauig,municipality,Philippines
Zambales,Region III (Central Luzon),Luzon,San Antonio,municipality,Philippines
Zambales,Region III (Central Luzon),Luzon,San Felipe,municipality,Philippines
Zambales,Region III (Central Luzon),Luzon,San Marcelino,municipality,Philippines
Zambales,Region III (Central Luzon),Luzon,San Narciso,municipality,Philippines
Zambales,Region III (Central Luzon),Luzon,Santa Cruz,municipality,Philippines
Zambales,Region III (Central Luzon),Luzon,Subic,municipality,Philippines
Batangas,Region IV-A (CALABARZON),Luzon,Agoncillo,municipality,Philippines
Batangas,Region IV-A (CALABARZON),Luzon,Alitagtag,municipality,Philippines
Batangas,Region IV-A (CALABARZON),Luzon,Balayan,municipality,Philippines
Batangas,Region IV-A (CALABARZON),Luzon,Balete,municipality,Philippines
Batangas,Region IV-A (CALABARZON),Luzon,Batangas City,component_city,Philippines
Batangas,Region IV-A (CALABARZON),Luzon,Bauan,municipality,Philippines
Batangas,Region IV-A (CALABARZON),Luzon,Calatagan,municipality,Philippines
Batangas,Region IV-A (CALABARZON),Luzon,City of Calaca,component_city,Philippines
Batangas,Region IV-A (CALABARZON),Luzon,City of Lipa,component_city,Philippines
Batangas,Region IV-A (CALABARZON),Luzon,City of Sto. Tomas,component_city,Philippines
Batangas,Region IV-A (CALABARZON),Luzon,City of Tanauan,component_city,Philippines
Batangas,Region IV-A (CALABARZON),Luzon,Cuenca,municipality,Philippines
Batangas,Region IV-A (CALABARZON),Luzon,Ibaan,municipality,Philippines
Batangas,Region IV-A (CALABARZON),Luzon,Laurel,municipality,Philippines
Batangas,Region IV-A (CALABARZON),Luzon,Lemery,municipality,Philippines
Batangas,Region IV-A (CALABARZON),Luzon,Lian,municipality,Philippines
Batangas,Region IV-A (CALABARZON),Luzon,Lobo,municipality,Philippines
Batangas,Region IV-A (CALABARZON),Luzon,Mabini,municipality,Philippines
Batangas,Region IV-A (CALABARZON),Luzon,Malvar,municipality,Philippines
Batangas,Region IV-A (CALABARZON),Luzon,Mataasnakahoy,municipality,Philippines
Batangas,Region IV-A (CALABARZON),Luzon,Nasugbu,municipality,Philippines
Batangas,Region IV-A (CALABARZON),Luzon,Padre Garcia,municipality,Philippines
Batangas,Region IV-A (CALABARZON),Luzon,Rosario,municipality,Philippines
Batangas,Region IV-A (CALABARZON),Luzon,San Jose,municipality,Philippines
Batangas,Region IV-A (CALABARZON),Luzon,San Juan,municipality,Philippines
Batangas,Region IV-A (CALABARZON),Luzon,San Luis,municipality,Philippines
Batangas,Region IV-A (CALABARZON),Luzon,San Nicolas,municipality,Philippines
Batangas,Region IV-A (CALABARZON),Luzon,San Pascual,municipality,Philippines
Batangas,Region IV-A (CALABARZON),Luzon,Santa Teresita,municipality,Philippines
Batangas,Region IV-A (CALABARZON),Luzon,Taal,municipality,Philippines
Batangas,Region IV-A (CALABARZON),Luzon,Talisay,municipality,Philippines
Batangas,Region IV-A (CALABARZON),Luzon,Taysan,municipality,Philippines
Batangas,Region IV-A (CALABARZON),Luzon,Tingloy,municipality,Philippines
Batangas,Region IV-A (CALABARZON),Luzon,Tuy,municipality,Philippines
Cavite,Region IV-A (CALABARZON),Luzon,Alfonso,municipality,Philippines
Cavite,Region IV-A (CALABARZON),Luzon,Amadeo,municipality,Philippines
Cavite,Region IV-A (CALABARZON),Luzon,City of Bacoor,component_city,Philippines
Cavite,Region IV-A (CALABARZON),Luzon,City of Carmona,component_city,Philippines
Cavite,Region IV-A (CALABARZON),Luzon,City of Cavite,component_city,Philippines
Cavite,Region IV-A (CALABARZON),Luzon,City of Dasmariñas,component_city,Philippines
Cavite,Region IV-A (CALABARZON),Luzon,City of General Trias,component_city,Philippines
Cavite,Region IV-A (CALABARZON),Luzon,City of Imus,component_city,Philippines
Cavite,Region IV-A (CALABARZON),Luzon,City of Tagaytay,component_city,Philippines
Cavite,Region IV-A (CALABARZON),Luzon,City of Trece Martires,component_city,Philippines
Cavite,Region IV-A (CALABARZON),Luzon,Gen. Mariano Alvarez,municipality,Philippines
Cavite,Region IV-A (CALABARZON),Luzon,General Emilio Aguinaldo,municipality,Philippines
Cavite,Region IV-A (CALABARZON),Luzon,Indang,municipality,Philippines
Cavite,Region IV-A (CALABARZON),Luzon,Kawit,municipality,Philippines
Cavite,Region IV-A (CALABARZON),Luzon,Magallanes,municipality,Philippines
Cavite,Region IV-A (CALABARZON),Luzon,Maragondon,municipality,Philippines
Cavite,Region IV-A (CALABARZON),Luzon,Mendez,municipality,Philippines
Cavite,Region IV-A (CALABARZON),Luzon,Naic,municipality,Philippines
Cavite,Region IV-A (CALABARZON),Luzon,Noveleta,municipality,Philippines
Cavite,Region IV-A (CALABARZON),Luzon,Rosario,municipality,Philippines
Cavite,Region IV-A (CALABARZON),Luzon,Silang,municipality,Philippines
Cavite,Region IV-A (CALABARZON),Luzon,Tanza,municipality,Philippines
Cavite,Region IV-A (CALABARZON),Luzon,Ternate,municipality,Philippines
Laguna,Region IV-A (CALABARZON),Luzon,Alaminos,municipality,Philippines
Laguna,Region IV-A (CALABARZON),Luzon,Bay,municipality,Philippines
Laguna,Region IV-A (CALABARZON),Luzon,Calauan,municipality,Philippines
Laguna,Region IV-A (CALABARZON),Luzon,Cavinti,municipality,Philippines
Laguna,Region IV-A (CALABARZON),Luzon,City of Biñan,component_city,Philippines
Laguna,Region IV-A (CALABARZON),Luzon,City of Cabuyao,component_city,Philippines
Laguna,Region IV-A (CALABARZON),Luzon,City of Calamba,component_city,Philippines
Laguna,Region IV-A (CALABARZON),Luzon,City of San Pablo,component_city,Philippines
Laguna,Region IV-A (CALABARZON),Luzon,City of San Pedro,component_city,Philippines
Laguna,Region IV-A (CALABARZON),Luzon,City of Santa Rosa,component_city,Philippines
Laguna,Region IV-A (CALABARZON),Luzon,Famy,municipality,Philippines
Laguna,Region IV-A (CALABARZON),Luzon,Kalayaan,municipality,Philippines
Laguna,Region IV-A (CALABARZON),Luzon,Liliw,municipality,Philippines
Laguna,Region IV-A (CALABARZON),Luzon,Los Baños,municipality,Philippines
Laguna,Region IV-A (CALABARZON),Luzon,Luisiana,municipality,Philippines
Laguna,Region IV-A (CALABARZON),Luzon,Lumban,municipality,Philippines
Laguna,Region IV-A (CALABARZON),Luzon,Mabitac,municipality,Philippines
Laguna,Region IV-A (CALABARZON),Luzon,Magdalena,municipality,Philippines
Laguna,Region IV-A (CALABARZON),Luzon,Majayjay,municipality,Philippines
Laguna,Region IV-A (CALABARZON),Luzon,Nagcarlan,municipality,Philippines
Laguna,Region IV-A (CALABARZON),Luzon,Paete,municipality,Philippines
Laguna,Region IV-A (CALABARZON),Luzon,Pagsanjan,municipality,Philippines
Laguna,Region IV-A (CALABARZON),Luzon,Pakil,municipality,Philippines
Laguna,Region IV-A (CALABARZON),Luzon,Pangil,municipality,Philippines
Laguna,Region IV-A (CALABARZON),Luzon,Pila,municipality,Philippines
Laguna,Region IV-A (CALABARZON),Luzon,Rizal,municipality,Philippines
Laguna,Region IV-A (CALABARZON),Luzon,Santa Cruz,municipality,Philippines
Laguna,Region IV-A (CALABARZON),Luzon,Santa Maria,municipality,Philippines
Laguna,Region IV-A (CALABARZON),Luzon,Siniloan,municipality,Philippines
Laguna,Region IV-A (CALABARZON),Luzon,Victoria,municipality,Philippines
Quezon,Region IV-A (CALABARZON),Luzon,Agdangan,municipality,Philippines
Quezon,Region IV-A (CALABARZON),Luzon,Alabat,municipality,Philippines
Quezon,Region IV-A (CALABARZON),Luzon,Atimonan,municipality,Philippines
Quezon,Region IV-A (CALABARZON),Luzon,Buenavista,municipality,Philippines
Quezon,Region IV-A (CALABARZON),Luzon,Burdeos,municipality,Philippines
Quezon,Region IV-A (CALABARZON),Luzon,Calauag,municipality,Philippines
Quezon,Region IV-A (CALABARZON),Luzon,Candelaria,municipality,Philippines
Quezon,Region IV-A (CALABARZON),Luzon,Catanauan,municipality,Philippines
Quezon,Region IV-A (CALABARZON),Luzon,City of Tayabas,component_city,Philippines
Quezon,Region IV-A (CALABARZON),Luzon,Dolores,municipality,Philippines
Quezon,Region IV-A (CALABARZON),Luzon,General Luna,municipality,Philippines
Quezon,Region IV-A (CALABARZON),Luzon,General Nakar,municipality,Philippines
Quezon,Region IV-A (CALABARZON),Luzon,Guinayangan,municipality,Philippines
Quezon,Region IV-A (CALABARZON),Luzon,Gumaca,municipality,Philippines
Quezon,Region IV-A (CALABARZON),Luzon,Infanta,municipality,Philippines
Quezon,Region IV-A (CALABARZON),Luzon,Jomalig,municipality,Philippines
Quezon,Region IV-A (CALABARZON),Luzon,Lopez,municipality,Philippines
Quezon,Region IV-A (CALABARZON),Luzon,Lucban,municipality,Philippines
Quezon,Region IV-A (CALABARZON),Luzon,Macalelon,municipality,Philippines
Quezon,Region IV-A (CALABARZON),Luzon,Mauban,municipality,Philippines
Quezon,Region IV-A (CALABARZON),Luzon,Mulanay,municipality,Philippines
Quezon,Region IV-A (CALABARZON),Luzon,Padre Burgos,municipality,Philippines
Quezon,Region IV-A (CALABARZON),Luzon,Pagbilao,municipality,Philippines
Quezon,Region IV-A (CALABARZON),Luzon,Panukulan,municipality,Philippines
Quezon,Region IV-A (CALABARZON),Luzon,Patnanungan,municipality,Philippines
Quezon,Region IV-A (CALABARZON),Luzon,Perez,municipality,Philippines
Quezon,Region IV-A (CALABARZON),Luzon,Pitogo,municipality,Philippines
Quezon,Region IV-A (CALABARZON),Luzon,Plaridel,municipality,Philippines
Quezon,Region IV-A (CALABARZON),Luzon,Polillo,municipality,Philippines
Quezon,Region IV-A (CALABARZON),Luzon,Quezon,municipality,Philippines
Quezon,Region IV-A (CALABARZON),Luzon,Real,municipality,Philippines
Quezon,Region IV-A (CALABARZON),Luzon,Sampaloc,municipality,Philippines
Quezon,Region IV-A (CALABARZON),Luzon,San Andres,municipality,Philippines
Quezon,Region IV-A (CALABARZON),Luzon,San Antonio,municipality,Philippines
Quezon,Region IV-A (CALABARZON),Luzon,San Francisco,municipality,Philippines
Quezon,Region IV-A (CALABARZON),Luzon,San Narciso,municipality,Philippines
Quezon,Region IV-A (CALABARZON),Luzon,Sariaya,municipality,Philippines
Quezon,Region IV-A (CALABARZON),Luzon,Tagkawayan,municipality,Philippines
Quezon,Region IV-A (CALABARZON),Luzon,Tiaong,municipality,Philippines
Quezon,Region IV-A (CALABARZON),Luzon,Unisan,municipality,Philippines
Rizal,Region IV-A (CALABARZON),Luzon,Angono,municipality,Philippines
Rizal,Region IV-A (CALABARZON),Luzon,Baras,municipality,Philippines
Rizal,Region IV-A (CALABARZON),Luzon,Binangonan,municipality,Philippines
Rizal,Region IV-A (CALABARZON),Luzon,Cainta,municipality,Philippines
Rizal,Region IV-A (CALABARZON),Luzon,Cardona,municipality,Philippines
Rizal,Region IV-A (CALABARZON),Luzon,City of Antipolo,component_city,Philippines
Rizal,Region IV-A (CALABARZON),Luzon,Jala-Jala,municipality,Philippines
Rizal,Region IV-A (CALABARZON),Luzon,Morong,municipality,Philippines
Rizal,Region IV-A (CALABARZON),Luzon,Pililla,municipality,Philippines
Rizal,Region IV-A (CALABARZON),Luzon,Rodriguez,municipality,Philippines
Rizal,Region IV-A (CALABARZON),Luzon,San Mateo,municipality,Philippines
Rizal,Region IV-A (CALABARZON),Luzon,Tanay,municipality,Philippines
Rizal,Region IV-A (CALABARZON),Luzon,Taytay,municipality,Philippines
Rizal,Region IV-A (CALABARZON),Luzon,Teresa,municipality,Philippines
Sulu,Region IX (Zamboanga Peninsula),Luzon,Hadji Panglima Tahil,municipality,Philippines
Sulu,Region IX (Zamboanga Peninsula),Luzon,Indanan,municipality,Philippines
Sulu,Region IX (Zamboanga Peninsula),Luzon,Jolo,municipality,Philippines
Sulu,Region IX (Zamboanga Peninsula),Luzon,Kalingalan Caluang,municipality,Philippines
Sulu,Region IX (Zamboanga Peninsula),Luzon,Lugus,municipality,Philippines
Sulu,Region IX (Zamboanga Peninsula),Luzon,Luuk,municipality,Philippines
Sulu,Region IX (Zamboanga Peninsula),Luzon,Maimbung,municipality,Philippines
Sulu,Region IX (Zamboanga Peninsula),Luzon,Old Panamao,municipality,Philippines
Sulu,Region IX (Zamboanga Peninsula),Luzon,Omar,municipality,Philippines
Sulu,Region IX (Zamboanga Peninsula),Luzon,Pandami,municipality,Philippines
Sulu,Region IX (Zamboanga Peninsula),Luzon,Panglima Estino,municipality,Philippines
Sulu,Region IX (Zamboanga Peninsula),Luzon,Pangutaran,municipality,Philippines
Sulu,Region IX (Zamboanga Peninsula),Luzon,Parang,municipality,Philippines
Sulu,Region IX (Zamboanga Peninsula),Luzon,Pata,municipality,Philippines
Sulu,Region IX (Zamboanga Peninsula),Luzon,Patikul,municipality,Philippines
Sulu,Region IX (Zamboanga Peninsula),Luzon,Siasi,municipality,Philippines
Sulu,Region IX (Zamboanga Peninsula),Luzon,Talipao,municipality,Philippines
Sulu,Region IX (Zamboanga Peninsula),Luzon,Tapul,municipality,Philippines
Sulu,Region IX (Zamboanga Peninsula),Luzon,Tongkil,municipality,Philippines
Zamboanga Sibugay,Region IX (Zamboanga Peninsula),Luzon,Alicia,municipality,Philippines
Zamboanga Sibugay,Region IX (Zamboanga Peninsula),Luzon,Buug,municipality,Philippines
Zamboanga Sibugay,Region IX (Zamboanga Peninsula),Luzon,Diplahan,municipality,Philippines
Zamboanga Sibugay,Region IX (Zamboanga Peninsula),Luzon,Imelda,municipality,Philippines
Zamboanga Sibugay,Region IX (Zamboanga Peninsula),Luzon,Ipil,municipality,Philippines
Zamboanga Sibugay,Region IX (Zamboanga Peninsula),Luzon,Kabasalan,municipality,Philippines
Zamboanga Sibugay,Region IX (Zamboanga Peninsula),Luzon,Mabuhay,municipality,Philippines
Zamboanga Sibugay,Region IX (Zamboanga Peninsula),Luzon,Malangas,municipality,Philippines
Zamboanga Sibugay,Region IX (Zamboanga Peninsula),Luzon,Naga,municipality,Philippines
Zamboanga Sibugay,Region IX (Zamboanga Peninsula),Luzon,Olutanga,municipality,Philippines
Zamboanga Sibugay,Region IX (Zamboanga Peninsula),Luzon,Payao,municipality,Philippines
Zamboanga Sibugay,Region IX (Zamboanga Peninsula),Luzon,Roseller Lim,municipality,Philippines
Zamboanga Sibugay,Region IX (Zamboanga Peninsula),Luzon,Siay,municipality,Philippines
Zamboanga Sibugay,Region IX (Zamboanga Peninsula),Luzon,Talusan,municipality,Philippines
Zamboanga Sibugay,Region IX (Zamboanga Peninsula),Luzon,Titay,municipality,Philippines
Zamboanga Sibugay,Region IX (Zamboanga Peninsula),Luzon,Tungawan,municipality,Philippines
Zamboanga del Norte,Region IX (Zamboanga Peninsula),Luzon,Baliguian,municipality,Philippines
Zamboanga del Norte,Region IX (Zamboanga Peninsula),Luzon,City of Dapitan,component_city,Philippines
Zamboanga del Norte,Region IX (Zamboanga Peninsula),Luzon,City of Dipolog,component_city,Philippines
Zamboanga del Norte,Region IX (Zamboanga Peninsula),Luzon,Godod,municipality,Philippines
Zamboanga del Norte,Region IX (Zamboanga Peninsula),Luzon,Gutalac,municipality,Philippines
Zamboanga del Norte,Region IX (Zamboanga Peninsula),Luzon,Jose Dalman,municipality,Philippines
Zamboanga del Norte,Region IX (Zamboanga Peninsula),Luzon,Kalawit,municipality,Philippines
Zamboanga del Norte,Region IX (Zamboanga Peninsula),Luzon,Katipunan,municipality,Philippines
Zamboanga del Norte,Region IX (Zamboanga Peninsula),Luzon,La Libertad,municipality,Philippines
Zamboanga del Norte,Region IX (Zamboanga Peninsula),Luzon,Labason,municipality,Philippines
Zamboanga del Norte,Region IX (Zamboanga Peninsula),Luzon,Leon T. Postigo,municipality,Philippines
Zamboanga del Norte,Region IX (Zamboanga Peninsula),Luzon,Liloy,municipality,Philippines
Zamboanga del Norte,Region IX (Zamboanga Peninsula),Luzon,Manukan,municipality,Philippines
Zamboanga del Norte,Region IX (Zamboanga Peninsula),Luzon,Mutia,municipality,Philippines
Zamboanga del Norte,Region IX (Zamboanga Peninsula),Luzon,Piñan,municipality,Philippines
Zamboanga del Norte,Region IX (Zamboanga Peninsula),Luzon,Polanco,municipality,Philippines
Zamboanga del Norte,Region IX (Zamboanga Peninsula),Luzon,Pres. Manuel A. Roxas,municipality,Philippines
Zamboanga del Norte,Region IX (Zamboanga Peninsula),Luzon,Rizal,municipality,Philippines
Zamboanga del Norte,Region IX (Zamboanga Peninsula),Luzon,Salug,municipality,Philippines
Zamboanga del Norte,Region IX (Zamboanga Peninsula),Luzon,Sergio Osmeña Sr.,municipality,Philippines
Zamboanga del Norte,Region IX (Zamboanga Peninsula),Luzon,Siayan,municipality,Philippines
Zamboanga del Norte,Region IX (Zamboanga Peninsula),Luzon,Sibuco,municipality,Philippines
Zamboanga del Norte,Region IX (Zamboanga Peninsula),Luzon,Sibutad,municipality,Philippines
Zamboanga del Norte,Region IX (Zamboanga Peninsula),Luzon,Sindangan,municipality,Philippines
Zamboanga del Norte,Region IX (Zamboanga Peninsula),Luzon,Siocon,municipality,Philippines
Zamboanga del Norte,Region IX (Zamboanga Peninsula),Luzon,Sirawai,municipality,Philippines
Zamboanga del Norte,Region IX (Zamboanga Peninsula),Luzon,Tampilisan,municipality,Philippines
Zamboanga del Sur,Region IX (Zamboanga Peninsula),Luzon,Aurora,municipality,Philippines
Zamboanga del Sur,Region IX (Zamboanga Peninsula),Luzon,Bayog,municipality,Philippines
Zamboanga del Sur,Region IX (Zamboanga Peninsula),Luzon,City of Pagadian,component_city,Philippines
Zamboanga del Sur,Region IX (Zamboanga Peninsula),Luzon,Dimataling,municipality,Philippines
Zamboanga del Sur,Region IX (Zamboanga Peninsula),Luzon,Dinas,municipality,Philippines
Zamboanga del Sur,Region IX (Zamboanga Peninsula),Luzon,Dumalinao,municipality,Philippines
Zamboanga del Sur,Region IX (Zamboanga Peninsula),Luzon,Dumingag,municipality,Philippines
Zamboanga del Sur,Region IX (Zamboanga Peninsula),Luzon,Guipos,municipality,Philippines
Zamboanga del Sur,Region IX (Zamboanga Peninsula),Luzon,Josefina,municipality,Philippines
Zamboanga del Sur,Region IX (Zamboanga Peninsula),Luzon,Kumalarang,municipality,Philippines
Zamboanga del Sur,Region IX (Zamboanga Peninsula),Luzon,Labangan,municipality,Philippines
Zamboanga del Sur,Region IX (Zamboanga Peninsula),Luzon,Lakewood,municipality,Philippines
Zamboanga del Sur,Region IX (Zamboanga Peninsula),Luzon,Lapuyan,municipality,Philippines
Zamboanga del Sur,Region IX (Zamboanga Peninsula),Luzon,Mahayag,municipality,Philippines
Zamboanga del Sur,Region IX (Zamboanga Peninsula),Luzon,Margosatubig,municipality,Philippines
Zamboanga del Sur,Region IX (Zamboanga Peninsula),Luzon,Midsalip,municipality,Philippines
Zamboanga del Sur,Region IX (Zamboanga Peninsula),Luzon,Molave,municipality,Philippines
Zamboanga del Sur,Region IX (Zamboanga Peninsula),Luzon,Pitogo,municipality,Philippines
Zamboanga del Sur,Region IX (Zamboanga Peninsula),Luzon,Ramon Magsaysay,municipality,Philippines
Zamboanga del Sur,Region IX (Zamboanga Peninsula),Luzon,San Miguel,municipality,Philippines
Zamboanga del Sur,Region IX (Zamboanga Peninsula),Luzon,San Pablo,municipality,Philippines
Zamboanga del Sur,Region IX (Zamboanga Peninsula),Luzon,Sominot,municipality,Philippines
Zamboanga del Sur,Region IX (Zamboanga Peninsula),Luzon,Tabina,municipality,Philippines
Zamboanga del Sur,Region IX (Zamboanga Peninsula),Luzon,Tambulig,municipality,Philippines
Zamboanga del Sur,Region IX (Zamboanga Peninsula),Luzon,Tigbao,municipality,Philippines
Zamboanga del Sur,Region IX (Zamboanga Peninsula),Luzon,Tukuran,municipality,Philippines
Zamboanga del Sur,Region IX (Zamboanga Peninsula),Luzon,Vincenzo A. Sagun,municipality,Philippines
Albay,Region V (Bicol Region),Luzon,Bacacay,municipality,Philippines
Albay,Region V (Bicol Region),Luzon,Camalig,municipality,Philippines
Albay,Region V (Bicol Region),Luzon,City of Legazpi,component_city,Philippines
Albay,Region V (Bicol Region),Luzon,City of Ligao,component_city,Philippines
Albay,Region V (Bicol Region),Luzon,City of Tabaco,component_city,Philippines
Albay,Region V (Bicol Region),Luzon,Daraga,municipality,Philippines
Albay,Region V (Bicol Region),Luzon,Guinobatan,municipality,Philippines
Albay,Region V (Bicol Region),Luzon,Jovellar,municipality,Philippines
Albay,Region V (Bicol Region),Luzon,Libon,municipality,Philippines
Albay,Region V (Bicol Region),Luzon,Malilipot,municipality,Philippines
Albay,Region V (Bicol Region),Luzon,Malinao,municipality,Philippines
Albay,Region V (Bicol Region),Luzon,Manito,municipality,Philippines
Albay,Region V (Bicol Region),Luzon,Oas,municipality,Philippines
Albay,Region V (Bicol Region),Luzon,Pio Duran,municipality,Philippines
Albay,Region V (Bicol Region),Luzon,Polangui,municipality,Philippines
Albay,Region V (Bicol Region),Luzon,Rapu-Rapu,municipality,Philippines
Albay,Region V (Bicol Region),Luzon,Santo Domingo,municipality,Philippines
Albay,Region V (Bicol Region),Luzon,Tiwi,municipality,Philippines
Camarines Norte,Region V (Bicol Region),Luzon,Basud,municipality,Philippines
Camarines Norte,Region V (Bicol Region),Luzon,Capalonga,municipality,Philippines
Camarines Norte,Region V (Bicol Region),Luzon,Daet,municipality,Philippines
Camarines Norte,Region V (Bicol Region),Luzon,Jose Panganiban,municipality,Philippines
Camarines Norte,Region V (Bicol Region),Luzon,Labo,municipality,Philippines
Camarines Norte,Region V (Bicol Region),Luzon,Mercedes,municipality,Philippines
Camarines Norte,Region V (Bicol Region),Luzon,Paracale,municipality,Philippines
Camarines Norte,Region V (Bicol Region),Luzon,San Lorenzo Ruiz,municipality,Philippines
Camarines Norte,Region V (Bicol Region),Luzon,San Vicente,municipality,Philippines
Camarines Norte,Region V (Bicol Region),Luzon,Santa Elena,municipality,Philippines
Camarines Norte,Region V (Bicol Region),Luzon,Talisay,municipality,Philippines
Camarines Norte,Region V (Bicol Region),Luzon,Vinzons,municipality,Philippines
Camarines Sur,Region V (Bicol Region),Luzon,Baao,municipality,Philippines
Camarines Sur,Region V (Bicol Region),Luzon,Balatan,municipality,Philippines
Camarines Sur,Region V (Bicol Region),Luzon,Bato,municipality,Philippines
Camarines Sur,Region V (Bicol Region),Luzon,Bombon,municipality,Philippines
Camarines Sur,Region V (Bicol Region),Luzon,Buhi,municipality,Philippines
Camarines Sur,Region V (Bicol Region),Luzon,Bula,municipality,Philippines
Camarines Sur,Region V (Bicol Region),Luzon,Cabusao,municipality,Philippines
Camarines Sur,Region V (Bicol Region),Luzon,Calabanga,municipality,Philippines
Camarines Sur,Region V (Bicol Region),Luzon,Camaligan,municipality,Philippines
Camarines Sur,Region V (Bicol Region),Luzon,Canaman,municipality,Philippines
Camarines Sur,Region V (Bicol Region),Luzon,Caramoan,municipality,Philippines
Camarines Sur,Region V (Bicol Region),Luzon,City of Iriga,component_city,Philippines
Camarines Sur,Region V (Bicol Region),Luzon,City of Naga,independent_component_city,Philippines
Camarines Sur,Region V (Bicol Region),Luzon,Del Gallego,municipality,Philippines
Camarines Sur,Region V (Bicol Region),Luzon,Gainza,municipality,Philippines
Camarines Sur,Region V (Bicol Region),Luzon,Garchitorena,municipality,Philippines
Camarines Sur,Region V (Bicol Region),Luzon,Goa,municipality,Philippines
Camarines Sur,Region V (Bicol Region),Luzon,Lagonoy,municipality,Philippines
Camarines Sur,Region V (Bicol Region),Luzon,Libmanan,municipality,Philippines
Camarines Sur,Region V (Bicol Region),Luzon,Lupi,municipality,Philippines
Camarines Sur,Region V (Bicol Region),Luzon,Magarao,municipality,Philippines
Camarines Sur,Region V (Bicol Region),Luzon,Milaor,municipality,Philippines
Camarines Sur,Region V (Bicol Region),Luzon,Minalabac,municipality,Philippines
Camarines Sur,Region V (Bicol Region),Luzon,Nabua,municipality,Philippines
Camarines Sur,Region V (Bicol Region),Luzon,Ocampo,municipality,Philippines
Camarines Sur,Region V (Bicol Region),Luzon,Pamplona,municipality,Philippines
Camarines Sur,Region V (Bicol Region),Luzon,Pasacao,municipality,Philippines
Camarines Sur,Region V (Bicol Region),Luzon,Pili,municipality,Philippines
Camarines Sur,Region V (Bicol Region),Luzon,Presentacion,municipality,Philippines
Camarines Sur,Region V (Bicol Region),Luzon,Ragay,municipality,Philippines
Camarines Sur,Region V (Bicol Region),Luzon,Sagñay,municipality,Philippines
Camarines Sur,Region V (Bicol Region),Luzon,San Fernando,municipality,Philippines
Camarines Sur,Region V (Bicol Region),Luzon,San Jose,municipality,Philippines
Camarines Sur,Region V (Bicol Region),Luzon,Sipocot,municipality,Philippines
Camarines Sur,Region V (Bicol Region),Luzon,Siruma,municipality,Philippines
Camarines Sur,Region V (Bicol Region),Luzon,Tigaon,municipality,Philippines
Camarines Sur,Region V (Bicol Region),Luzon,Tinambac,municipality,Philippines
Catanduanes,Region V (Bicol Region),Luzon,Bagamanoc,municipality,Philippines
Catanduanes,Region V (Bicol Region),Luzon,Baras,municipality,Philippines
Catanduanes,Region V (Bicol Region),Luzon,Bato,municipality,Philippines
Catanduanes,Region V (Bicol Region),Luzon,Caramoran,municipality,Philippines
Catanduanes,Region V (Bicol Region),Luzon,Gigmoto,municipality,Philippines
Catanduanes,Region V (Bicol Region),Luzon,Pandan,municipality,Philippines
Catanduanes,Region V (Bicol Region),Luzon,Panganiban,municipality,Philippines
Catanduanes,Region V (Bicol Region),Luzon,San Andres,municipality,Philippines
Catanduanes,Region V (Bicol Region),Luzon,San Miguel,municipality,Philippines
Catanduanes,Region V (Bicol Region),Luzon,Viga,municipality,Philippines
Catanduanes,Region V (Bicol Region),Luzon,Virac,municipality,Philippines
Masbate,Region V (Bicol Region),Luzon,Aroroy,municipality,Philippines
Masbate,Region V (Bicol Region),Luzon,Baleno,municipality,Philippines
Masbate,Region V (Bicol Region),Luzon,Balud,municipality,Philippines
Masbate,Region V (Bicol Region),Luzon,Batuan,municipality,Philippines
Masbate,Region V (Bicol Region),Luzon,Cataingan,municipality,Philippines
Masbate,Region V (Bicol Region),Luzon,Cawayan,municipality,Philippines
Masbate,Region V (Bicol Region),Luzon,City of Masbate,component_city,Philippines
Masbate,Region V (Bicol Region),Luzon,Claveria,municipality,Philippines
Masbate,Region V (Bicol Region),Luzon,Dimasalang,municipality,Philippines
Masbate,Region V (Bicol Region),Luzon,Esperanza,municipality,Philippines
Masbate,Region V (Bicol Region),Luzon,Mandaon,municipality,Philippines
Masbate,Region V (Bicol Region),Luzon,Milagros,municipality,Philippines
Masbate,Region V (Bicol Region),Luzon,Mobo,municipality,Philippines
Masbate,Region V (Bicol Region),Luzon,Monreal,municipality,Philippines
Masbate,Region V (Bicol Region),Luzon,Palanas,municipality,Philippines
Masbate,Region V (Bicol Region),Luzon,Pio V. Corpus,municipality,Philippines
Masbate,Region V (Bicol Region),Luzon,Placer,municipality,Philippines
Masbate,Region V (Bicol Region),Luzon,San Fernando,municipality,Philippines
Masbate,Region V (Bicol Region),Luzon,San Jacinto,municipality,Philippines
Masbate,Region V (Bicol Region),Luzon,San Pascual,municipality,Philippines
Masbate,Region V (Bicol Region),Luzon,Uson,municipality,Philippines
Sorsogon,Region V (Bicol Region),Luzon,Barcelona,municipality,Philippines
Sorsogon,Region V (Bicol Region),Luzon,Bulan,municipality,Philippines
Sorsogon,Region V (Bicol Region),Luzon,Bulusan,municipality,Philippines
Sorsogon,Region V (Bicol Region),Luzon,Casiguran,municipality,Philippines
Sorsogon,Region V (Bicol Region),Luzon,Castilla,municipality,Philippines
Sorsogon,Region V (Bicol Region),Luzon,City of Sorsogon,component_city,Philippines
Sorsogon,Region V (Bicol Region),Luzon,Donsol,municipality,Philippines
Sorsogon,Region V (Bicol Region),Luzon,Gubat,municipality,Philippines
Sorsogon,Region V (Bicol Region),Luzon,Irosin,municipality,Philippines
Sorsogon,Region V (Bicol Region),Luzon,Juban,municipality,Philippines
Sorsogon,Region V (Bicol Region),Luzon,Magallanes,municipality,Philippines
Sorsogon,Region V (Bicol Region),Luzon,Matnog,municipality,Philippines
Sorsogon,Region V (Bicol Region),Luzon,Pilar,municipality,Philippines
Sorsogon,Region V (Bicol Region),Luzon,Prieto Diaz,municipality,Philippines
Sorsogon,Region V (Bicol Region),Luzon,Santa Magdalena,municipality,Philippines
Aklan,Region VI (Western Visayas),Luzon,Altavas,municipality,Philippines
Aklan,Region VI (Western Visayas),Luzon,Balete,municipality,Philippines
Aklan,Region VI (Western Visayas),Luzon,Banga,municipality,Philippines
Aklan,Region VI (Western Visayas),Luzon,Batan,municipality,Philippines
Aklan,Region VI (Western Visayas),Luzon,Buruanga,municipality,Philippines
Aklan,Region VI (Western Visayas),Luzon,Ibajay,municipality,Philippines
Aklan,Region VI (Western Visayas),Luzon,Kalibo,municipality,Philippines
Aklan,Region VI (Western Visayas),Luzon,Lezo,municipality,Philippines
Aklan,Region VI (Western Visayas),Luzon,Libacao,municipality,Philippines
Aklan,Region VI (Western Visayas),Luzon,Madalag,municipality,Philippines
Aklan,Region VI (Western Visayas),Luzon,Makato,municipality,Philippines
Aklan,Region VI (Western Visayas),Luzon,Malay,municipality,Philippines
Aklan,Region VI (Western Visayas),Luzon,Malinao,municipality,Philippines
Aklan,Region VI (Western Visayas),Luzon,Nabas,municipality,Philippines
Aklan,Region VI (Western Visayas),Luzon,New Washington,municipality,Philippines
Aklan,Region VI (Western Visayas),Luzon,Numancia,municipality,Philippines
Aklan,Region VI (Western Visayas),Luzon,Tangalan,municipality,Philippines
Antique,Region VI (Western Visayas),Luzon,Anini-Y,municipality,Philippines
Antique,Region VI (Western Visayas),Luzon,Barbaza,municipality,Philippines
Antique,Region VI (Western Visayas),Luzon,Belison,municipality,Philippines
Antique,Region VI (Western Visayas),Luzon,Bugasong,municipality,Philippines
Antique,Region VI (Western Visayas),Luzon,Caluya,municipality,Philippines
Antique,Region VI (Western Visayas),Luzon,Culasi,municipality,Philippines
Antique,Region VI (Western Visayas),Luzon,Hamtic,municipality,Philippines
Antique,Region VI (Western Visayas),Luzon,Laua-An,municipality,Philippines
Antique,Region VI (Western Visayas),Luzon,Libertad,municipality,Philippines
Antique,Region VI (Western Visayas),Luzon,Pandan,municipality,Philippines
Antique,Region VI (Western Visayas),Luzon,Patnongon,municipality,Philippines
Antique,Region VI (Western Visayas),Luzon,San Jose,municipality,Philippines
Antique,Region VI (Western Visayas),Luzon,San Remigio,municipality,Philippines
Antique,Region VI (Western Visayas),Luzon,Sebaste,municipality,Philippines
Antique,Region VI (Western Visayas),Luzon,Sibalom,municipality,Philippines
Antique,Region VI (Western Visayas),Luzon,Tibiao,municipality,Philippines
Antique,Region VI (Western Visayas),Luzon,Tobias Fornier,municipality,Philippines
Antique,Region VI (Western Visayas),Luzon,Valderrama,municipality,Philippines
Capiz,Region VI (Western Visayas),Luzon,City of Roxas,component_city,Philippines
Capiz,Region VI (Western Visayas),Luzon,Cuartero,municipality,Philippines
Capiz,Region VI (Western Visayas),Luzon,Dao,municipality,Philippines
Capiz,Region VI (Western Visayas),Luzon,Dumalag,municipality,Philippines
Capiz,Region VI (Western Visayas),Luzon,Dumarao,municipality,Philippines
Capiz,Region VI (Western Visayas),Luzon,Ivisan,municipality,Philippines
Capiz,Region VI (Western Visayas),Luzon,Jamindan,municipality,Philippines
Capiz,Region VI (Western Visayas),Luzon,Ma-Ayon,municipality,Philippines
Capiz,Region VI (Western Visayas),Luzon,Mambusao,municipality,Philippines
Capiz,Region VI (Western Visayas),Luzon,Panay,municipality,Philippines
Capiz,Region VI (Western Visayas),Luzon,Panitan,municipality,Philippines
Capiz,Region VI (Western Visayas),Luzon,Pilar,municipality,Philippines
Capiz,Region VI (Western Visayas),Luzon,Pontevedra,municipality,Philippines
Capiz,Region VI (Western Visayas),Luzon,President Roxas,municipality,Philippines
Capiz,Region VI (Western Visayas),Luzon,Sapi-An,municipality,Philippines
Capiz,Region VI (Western Visayas),Luzon,Sigma,municipality,Philippines
Capiz,Region VI (Western Visayas),Luzon,Tapaz,municipality,Philippines
Guimaras,Region VI (Western Visayas),Luzon,Buenavista,municipality,Philippines
Guimaras,Region VI (Western Visayas),Luzon,Jordan,municipality,Philippines
Guimaras,Region VI (Western Visayas),Luzon,Nueva Valencia,municipality,Philippines
Guimaras,Region VI (Western Visayas),Luzon,San Lorenzo,municipality,Philippines
Guimaras,Region VI (Western Visayas),Luzon,Sibunag,municipality,Philippines
Iloilo,Region VI (Western Visayas),Luzon,Ajuy,municipality,Philippines
Iloilo,Region VI (Western Visayas),Luzon,Alimodian,municipality,Philippines
Iloilo,Region VI (Western Visayas),Luzon,Anilao,municipality,Philippines
Iloilo,Region VI (Western Visayas),Luzon,Badiangan,municipality,Philippines
Iloilo,Region VI (Western Visayas),Luzon,Balasan,municipality,Philippines
Iloilo,Region VI (Western Visayas),Luzon,Banate,municipality,Philippines
Iloilo,Region VI (Western Visayas),Luzon,Barotac Nuevo,municipality,Philippines
Iloilo,Region VI (Western Visayas),Luzon,Barotac Viejo,municipality,Philippines
Iloilo,Region VI (Western Visayas),Luzon,Batad,municipality,Philippines
Iloilo,Region VI (Western Visayas),Luzon,Bingawan,municipality,Philippines
Iloilo,Region VI (Western Visayas),Luzon,Cabatuan,municipality,Philippines
Iloilo,Region VI (Western Visayas),Luzon,Calinog,municipality,Philippines
Iloilo,Region VI (Western Visayas),Luzon,Carles,municipality,Philippines
Iloilo,Region VI (Western Visayas),Luzon,City of Passi,component_city,Philippines
Iloilo,Region VI (Western Visayas),Luzon,Concepcion,municipality,Philippines
Iloilo,Region VI (Western Visayas),Luzon,Dingle,municipality,Philippines
Iloilo,Region VI (Western Visayas),Luzon,Dueñas,municipality,Philippines
Iloilo,Region VI (Western Visayas),Luzon,Dumangas,municipality,Philippines
Iloilo,Region VI (Western Visayas),Luzon,Estancia,municipality,Philippines
Iloilo,Region VI (Western Visayas),Luzon,Guimbal,municipality,Philippines
Iloilo,Region VI (Western Visayas),Luzon,Igbaras,municipality,Philippines
Iloilo,Region VI (Western Visayas),Luzon,Janiuay,municipality,Philippines
Iloilo,Region VI (Western Visayas),Luzon,Lambunao,municipality,Philippines
Iloilo,Region VI (Western Visayas),Luzon,Leganes,municipality,Philippines
Iloilo,Region VI (Western Visayas),Luzon,Lemery,municipality,Philippines
Iloilo,Region VI (Western Visayas),Luzon,Leon,municipality,Philippines
Iloilo,Region VI (Western Visayas),Luzon,Maasin,municipality,Philippines
Iloilo,Region VI (Western Visayas),Luzon,Miagao,municipality,Philippines
Iloilo,Region VI (Western Visayas),Luzon,Mina,municipality,Philippines
Iloilo,Region VI (Western Visayas),Luzon,New Lucena,municipality,Philippines
Iloilo,Region VI (Western Visayas),Luzon,Oton,municipality,Philippines
Iloilo,Region VI (Western Visayas),Luzon,Pavia,municipality,Philippines
Iloilo,Region VI (Western Visayas),Luzon,Pototan,municipality,Philippines
Iloilo,Region VI (Western Visayas),Luzon,San Dionisio,municipality,Philippines
Iloilo,Region VI (Western Visayas),Luzon,San Enrique,municipality,Philippines
Iloilo,Region VI (Western Visayas),Luzon,San Joaquin,municipality,Philippines
Iloilo,Region VI (Western Visayas),Luzon,San Miguel,municipality,Philippines
Iloilo,Region VI (Western Visayas),Luzon,San Rafael,municipality,Philippines
Iloilo,Region VI (Western Visayas),Luzon,Santa Barbara,municipality,Philippines
Iloilo,Region VI (Western Visayas),Luzon,Sara,municipality,Philippines
Iloilo,Region VI (Western Visayas),Luzon,Tigbauan,municipality,Philippines
Iloilo,Region VI (Western Visayas),Luzon,Tubungan,municipality,Philippines
Iloilo,Region VI (Western Visayas),Luzon,Zarraga,municipality,Philippines
Bohol,Region VII (Central Visayas),Luzon,Alburquerque,municipality,Philippines
Bohol,Region VII (Central Visayas),Luzon,Alicia,municipality,Philippines
Bohol,Region VII (Central Visayas),Luzon,Anda,municipality,Philippines
Bohol,Region VII (Central Visayas),Luzon,Antequera,municipality,Philippines
Bohol,Region VII (Central Visayas),Luzon,Baclayon,municipality,Philippines
Bohol,Region VII (Central Visayas),Luzon,Balilihan,municipality,Philippines
Bohol,Region VII (Central Visayas),Luzon,Batuan,municipality,Philippines
Bohol,Region VII (Central Visayas),Luzon,Bien Unido,municipality,Philippines
Bohol,Region VII (Central Visayas),Luzon,Bilar,municipality,Philippines
Bohol,Region VII (Central Visayas),Luzon,Buenavista,municipality,Philippines
Bohol,Region VII (Central Visayas),Luzon,Calape,municipality,Philippines
Bohol,Region VII (Central Visayas),Luzon,Candijay,municipality,Philippines
Bohol,Region VII (Central Visayas),Luzon,Carmen,municipality,Philippines
Bohol,Region VII (Central Visayas),Luzon,Catigbian,municipality,Philippines
Bohol,Region VII (Central Visayas),Luzon,City of Tagbilaran,component_city,Philippines
Bohol,Region VII (Central Visayas),Luzon,Clarin,municipality,Philippines
Bohol,Region VII (Central Visayas),Luzon,Corella,municipality,Philippines
Bohol,Region VII (Central Visayas),Luzon,Cortes,municipality,Philippines
Bohol,Region VII (Central Visayas),Luzon,Dagohoy,municipality,Philippines
Bohol,Region VII (Central Visayas),Luzon,Danao,municipality,Philippines
Bohol,Region VII (Central Visayas),Luzon,Dauis,municipality,Philippines
Bohol,Region VII (Central Visayas),Luzon,Dimiao,municipality,Philippines
Bohol,Region VII (Central Visayas),Luzon,Duero,municipality,Philippines
Bohol,Region VII (Central Visayas),Luzon,Garcia Hernandez,municipality,Philippines
Bohol,Region VII (Central Visayas),Luzon,Getafe,municipality,Philippines
Bohol,Region VII (Central Visayas),Luzon,Guindulman,municipality,Philippines
Bohol,Region VII (Central Visayas),Luzon,Inabanga,municipality,Philippines
Bohol,Region VII (Central Visayas),Luzon,Jagna,municipality,Philippines
Bohol,Region VII (Central Visayas),Luzon,Lila,municipality,Philippines
Bohol,Region VII (Central Visayas),Luzon,Loay,municipality,Philippines
Bohol,Region VII (Central Visayas),Luzon,Loboc,municipality,Philippines
Bohol,Region VII (Central Visayas),Luzon,Loon,municipality,Philippines
Bohol,Region VII (Central Visayas),Luzon,Mabini,municipality,Philippines
Bohol,Region VII (Central Visayas),Luzon,Maribojoc,municipality,Philippines
Bohol,Region VII (Central Visayas),Luzon,Panglao,municipality,Philippines
Bohol,Region VII (Central Visayas),Luzon,Pilar,municipality,Philippines
Bohol,Region VII (Central Visayas),Luzon,President Carlos P. Garcia,municipality,Philippines
Bohol,Region VII (Central Visayas),Luzon,Sagbayan,municipality,Philippines
Bohol,Region VII (Central Visayas),Luzon,San Isidro,municipality,Philippines
Bohol,Region VII (Central Visayas),Luzon,San Miguel,municipality,Philippines
Bohol,Region VII (Central Visayas),Luzon,Sevilla,municipality,Philippines
Bohol,Region VII (Central Visayas),Luzon,Sierra Bullones,municipality,Philippines
Bohol,Region VII (Central Visayas),Luzon,Sikatuna,municipality,Philippines
Bohol,Region VII (Central Visayas),Luzon,Talibon,municipality,Philippines
Bohol,Region VII (Central Visayas),Luzon,Trinidad,municipality,Philippines
Bohol,Region VII (Central Visayas),Luzon,Tubigon,municipality,Philippines
Bohol,Region VII (Central Visayas),Luzon,Ubay,municipality,Philippines
Bohol,Region VII (Central Visayas),Luzon,Valencia,municipality,Philippines
Cebu,Region VII (Central Visayas),Luzon,Alcantara,municipality,Philippines
Cebu,Region VII (Central Visayas),Luzon,Alcoy,municipality,Philippines
Cebu,Region VII (Central Visayas),Luzon,Alegria,municipality,Philippines
Cebu,Region VII (Central Visayas),Luzon,Aloguinsan,municipality,Philippines
Cebu,Region VII (Central Visayas),Luzon,Argao,municipality,Philippines
Cebu,Region VII (Central Visayas),Luzon,Asturias,municipality,Philippines
Cebu,Region VII (Central Visayas),Luzon,Badian,municipality,Philippines
Cebu,Region VII (Central Visayas),Luzon,Balamban,municipality,Philippines
Cebu,Region VII (Central Visayas),Luzon,Bantayan,municipality,Philippines
Cebu,Region VII (Central Visayas),Luzon,Barili,municipality,Philippines
Cebu,Region VII (Central Visayas),Luzon,Boljoon,municipality,Philippines
Cebu,Region VII (Central Visayas),Luzon,Borbon,municipality,Philippines
Cebu,Region VII (Central Visayas),Luzon,Carmen,municipality,Philippines
Cebu,Region VII (Central Visayas),Luzon,Catmon,municipality,Philippines
Cebu,Region VII (Central Visayas),Luzon,City of Bogo,component_city,Philippines
Cebu,Region VII (Central Visayas),Luzon,City of Carcar,component_city,Philippines
Cebu,Region VII (Central Visayas),Luzon,City of Naga,component_city,Philippines
Cebu,Region VII (Central Visayas),Luzon,City of Talisay,component_city,Philippines
Cebu,Region VII (Central Visayas),Luzon,City of Toledo,component_city,Philippines
Cebu,Region VII (Central Visayas),Luzon,Compostela,municipality,Philippines
Cebu,Region VII (Central Visayas),Luzon,Consolacion,municipality,Philippines
Cebu,Region VII (Central Visayas),Luzon,Cordova,municipality,Philippines
Cebu,Region VII (Central Visayas),Luzon,Daanbantayan,municipality,Philippines
Cebu,Region VII (Central Visayas),Luzon,Dalaguete,municipality,Philippines
Cebu,Region VII (Central Visayas),Luzon,Danao City,component_city,Philippines
Cebu,Region VII (Central Visayas),Luzon,Dumanjug,municipality,Philippines
Cebu,Region VII (Central Visayas),Luzon,Ginatilan,municipality,Philippines
Cebu,Region VII (Central Visayas),Luzon,Liloan,municipality,Philippines
Cebu,Region VII (Central Visayas),Luzon,Madridejos,municipality,Philippines
Cebu,Region VII (Central Visayas),Luzon,Malabuyoc,municipality,Philippines
Cebu,Region VII (Central Visayas),Luzon,Medellin,municipality,Philippines
Cebu,Region VII (Central Visayas),Luzon,Minglanilla,municipality,Philippines
Cebu,Region VII (Central Visayas),Luzon,Moalboal,municipality,Philippines
Cebu,Region VII (Central Visayas),Luzon,Oslob,municipality,Philippines
Cebu,Region VII (Central Visayas),Luzon,Pilar,municipality,Philippines
Cebu,Region VII (Central Visayas),Luzon,Pinamungajan,municipality,Philippines
Cebu,Region VII (Central Visayas),Luzon,Poro,municipality,Philippines
Cebu,Region VII (Central Visayas),Luzon,Ronda,municipality,Philippines
Cebu,Region VII (Central Visayas),Luzon,Samboan,municipality,Philippines
Cebu,Region VII (Central Visayas),Luzon,San Fernando,municipality,Philippines
Cebu,Region VII (Central Visayas),Luzon,San Francisco,municipality,Philippines
Cebu,Region VII (Central Visayas),Luzon,San Remigio,municipality,Philippines
Cebu,Region VII (Central Visayas),Luzon,Santa Fe,municipality,Philippines
Cebu,Region VII (Central Visayas),Luzon,Santander,municipality,Philippines
Cebu,Region VII (Central Visayas),Luzon,Sibonga,municipality,Philippines
Cebu,Region VII (Central Visayas),Luzon,Sogod,municipality,Philippines
Cebu,Region VII (Central Visayas),Luzon,Tabogon,municipality,Philippines
Cebu,Region VII (Central Visayas),Luzon,Tabuelan,municipality,Philippines
Cebu,Region VII (Central Visayas),Luzon,Tuburan,municipality,Philippines
Cebu,Region VII (Central Visayas),Luzon,Tudela,municipality,Philippines
Biliran,Region VIII (Eastern Visayas),Luzon,Almeria,municipality,Philippines
Biliran,Region VIII (Eastern Visayas),Luzon,Biliran,municipality,Philippines
Biliran,Region VIII (Eastern Visayas),Luzon,Cabucgayan,municipality,Philippines
Biliran,Region VIII (Eastern Visayas),Luzon,Caibiran,municipality,Philippines
Biliran,Region VIII (Eastern Visayas),Luzon,Culaba,municipality,Philippines
Biliran,Region VIII (Eastern Visayas),Luzon,Kawayan,municipality,Philippines
Biliran,Region VIII (Eastern Visayas),Luzon,Maripipi,municipality,Philippines
Biliran,Region VIII (Eastern Visayas),Luzon,Naval,municipality,Philippines
Eastern Samar,Region VIII (Eastern Visayas),Luzon,Arteche,municipality,Philippines
Eastern Samar,Region VIII (Eastern Visayas),Luzon,Balangiga,municipality,Philippines
Eastern Samar,Region VIII (Eastern Visayas),Luzon,Balangkayan,municipality,Philippines
Eastern Samar,Region VIII (Eastern Visayas),Luzon,Can-Avid,municipality,Philippines
Eastern Samar,Region VIII (Eastern Visayas),Luzon,City of Borongan,component_city,Philippines
Eastern Samar,Region VIII (Eastern Visayas),Luzon,Dolores,municipality,Philippines
Eastern Samar,Region VIII (Eastern Visayas),Luzon,General Macarthur,municipality,Philippines
Eastern Samar,Region VIII (Eastern Visayas),Luzon,Giporlos,municipality,Philippines
Eastern Samar,Region VIII (Eastern Visayas),Luzon,Guiuan,municipality,Philippines
Eastern Samar,Region VIII (Eastern Visayas),Luzon,Hernani,municipality,Philippines
Eastern Samar,Region VIII (Eastern Visayas),Luzon,Jipapad,municipality,Philippines
Eastern Samar,Region VIII (Eastern Visayas),Luzon,Lawaan,municipality,Philippines
Eastern Samar,Region VIII (Eastern Visayas),Luzon,Llorente,municipality,Philippines
Eastern Samar,Region VIII (Eastern Visayas),Luzon,Maslog,municipality,Philippines
Eastern Samar,Region VIII (Eastern Visayas),Luzon,Maydolong,municipality,Philippines
Eastern Samar,Region VIII (Eastern Visayas),Luzon,Mercedes,municipality,Philippines
Eastern Samar,Region VIII (Eastern Visayas),Luzon,Oras,municipality,Philippines
Eastern Samar,Region VIII (Eastern Visayas),Luzon,Quinapondan,municipality,Philippines
Eastern Samar,Region VIII (Eastern Visayas),Luzon,Salcedo,municipality,Philippines
Eastern Samar,Region VIII (Eastern Visayas),Luzon,San Julian,municipality,Philippines
Eastern Samar,Region VIII (Eastern Visayas),Luzon,San Policarpo,municipality,Philippines
Eastern Samar,Region VIII (Eastern Visayas),Luzon,Sulat,municipality,Philippines
Eastern Samar,Region VIII (Eastern Visayas),Luzon,Taft,municipality,Philippines
Leyte,Region VIII (Eastern Visayas),Luzon,Abuyog,municipality,Philippines
Leyte,Region VIII (Eastern Visayas),Luzon,Alangalang,municipality,Philippines
Leyte,Region VIII (Eastern Visayas),Luzon,Albuera,municipality,Philippines
Leyte,Region VIII (Eastern Visayas),Luzon,Babatngon,municipality,Philippines
Leyte,Region VIII (Eastern Visayas),Luzon,Barugo,municipality,Philippines
Leyte,Region VIII (Eastern Visayas),Luzon,Bato,municipality,Philippines
Leyte,Region VIII (Eastern Visayas),Luzon,Burauen,municipality,Philippines
Leyte,Region VIII (Eastern Visayas),Luzon,Calubian,municipality,Philippines
Leyte,Region VIII (Eastern Visayas),Luzon,Capoocan,municipality,Philippines
Leyte,Region VIII (Eastern Visayas),Luzon,Carigara,municipality,Philippines
Leyte,Region VIII (Eastern Visayas),Luzon,City of Baybay,component_city,Philippines
Leyte,Region VIII (Eastern Visayas),Luzon,Dagami,municipality,Philippines
Leyte,Region VIII (Eastern Visayas),Luzon,Dulag,municipality,Philippines
Leyte,Region VIII (Eastern Visayas),Luzon,Hilongos,municipality,Philippines
Leyte,Region VIII (Eastern Visayas),Luzon,Hindang,municipality,Philippines
Leyte,Region VIII (Eastern Visayas),Luzon,Inopacan,municipality,Philippines
Leyte,Region VIII (Eastern Visayas),Luzon,Isabel,municipality,Philippines
Leyte,Region VIII (Eastern Visayas),Luzon,Jaro,municipality,Philippines
Leyte,Region VIII (Eastern Visayas),Luzon,Javier,municipality,Philippines
Leyte,Region VIII (Eastern Visayas),Luzon,Julita,municipality,Philippines
Leyte,Region VIII (Eastern Visayas),Luzon,Kananga,municipality,Philippines
Leyte,Region VIII (Eastern Visayas),Luzon,La Paz,municipality,Philippines
Leyte,Region VIII (Eastern Visayas),Luzon,Leyte,municipality,Philippines
Leyte,Region VIII (Eastern Visayas),Luzon,Macarthur,municipality,Philippines
Leyte,Region VIII (Eastern Visayas),Luzon,Mahaplag,municipality,Philippines
Leyte,Region VIII (Eastern Visayas),Luzon,Matag-Ob,municipality,Philippines
Leyte,Region VIII (Eastern Visayas),Luzon,Matalom,municipality,Philippines
Leyte,Region VIII (Eastern Visayas),Luzon,Mayorga,municipality,Philippines
Leyte,Region VIII (Eastern Visayas),Luzon,Merida,municipality,Philippines
Leyte,Region VIII (Eastern Visayas),Luzon,Ormoc City,independent_component_city,Philippines
Leyte,Region VIII (Eastern Visayas),Luzon,Palo,municipality,Philippines
Leyte,Region VIII (Eastern Visayas),Luzon,Palompon,municipality,Philippines
Leyte,Region VIII (Eastern Visayas),Luzon,Pastrana,municipality,Philippines
Leyte,Region VIII (Eastern Visayas),Luzon,San Isidro,municipality,Philippines
Leyte,Region VIII (Eastern Visayas),Luzon,San Miguel,municipality,Philippines
Leyte,Region VIII (Eastern Visayas),Luzon,Santa Fe,municipality,Philippines
Leyte,Region VIII (Eastern Visayas),Luzon,Tabango,municipality,Philippines
Leyte,Region VIII (Eastern Visayas),Luzon,Tabontabon,municipality,Philippines
Leyte,Region VIII (Eastern Visayas),Luzon,Tanauan,municipality,Philippines
Leyte,Region VIII (Eastern Visayas),Luzon,Tolosa,municipality,Philippines
Leyte,Region VIII (Eastern Visayas),Luzon,Tunga,municipality,Philippines
Leyte,Region VIII (Eastern Visayas),Luzon,Villaba,municipality,Philippines
Northern Samar,Region VIII (Eastern Visayas),Luzon,Allen,municipality,Philippines
Northern Samar,Region VIII (Eastern Visayas),Luzon,Biri,municipality,Philippines
Northern Samar,Region VIII (Eastern Visayas),Luzon,Bobon,municipality,Philippines
Northern Samar,Region VIII (Eastern Visayas),Luzon,Capul,municipality,Philippines
Northern Samar,Region VIII (Eastern Visayas),Luzon,Catarman,municipality,Philippines
Northern Samar,Region VIII (Eastern Visayas),Luzon,Catubig,municipality,Philippines
Northern Samar,Region VIII (Eastern Visayas),Luzon,Gamay,municipality,Philippines
Northern Samar,Region VIII (Eastern Visayas),Luzon,Laoang,municipality,Philippines
Northern Samar,Region VIII (Eastern Visayas),Luzon,Lapinig,municipality,Philippines
Northern Samar,Region VIII (Eastern Visayas),Luzon,Las Navas,municipality,Philippines
Northern Samar,Region VIII (Eastern Visayas),Luzon,Lavezares,municipality,Philippines
Northern Samar,Region VIII (Eastern Visayas),Luzon,Lope De Vega,municipality,Philippines
Northern Samar,Region VIII (Eastern Visayas),Luzon,Mapanas,municipality,Philippines
Northern Samar,Region VIII (Eastern Visayas),Luzon,Mondragon,municipality,Philippines
Northern Samar,Region VIII (Eastern Visayas),Luzon,Palapag,municipality,Philippines
Northern Samar,Region VIII (Eastern Visayas),Luzon,Pambujan,municipality,Philippines
Northern Samar,Region VIII (Eastern Visayas),Luzon,Rosario,municipality,Philippines
Northern Samar,Region VIII (Eastern Visayas),Luzon,San Antonio,municipality,Philippines
Northern Samar,Region VIII (Eastern Visayas),Luzon,San Isidro,municipality,Philippines
Northern Samar,Region VIII (Eastern Visayas),Luzon,San Jose,municipality,Philippines
Northern Samar,Region VIII (Eastern Visayas),Luzon,San Roque,municipality,Philippines
Northern Samar,Region VIII (Eastern Visayas),Luzon,San Vicente,municipality,Philippines
Northern Samar,Region VIII (Eastern Visayas),Luzon,Silvino Lobos,municipality,Philippines
Northern Samar,Region VIII (Eastern Visayas),Luzon,Victoria,municipality,Philippines
Samar,Region VIII (Eastern Visayas),Luzon,Almagro,municipality,Philippines
Samar,Region VIII (Eastern Visayas),Luzon,Basey,municipality,Philippines
Samar,Region VIII (Eastern Visayas),Luzon,Calbiga,municipality,Philippines
Samar,Region VIII (Eastern Visayas),Luzon,City of Calbayog,component_city,Philippines
Samar,Region VIII (Eastern Visayas),Luzon,City of Catbalogan,component_city,Philippines
Samar,Region VIII (Eastern Visayas),Luzon,Daram,municipality,Philippines
Samar,Region VIII (Eastern Visayas),Luzon,Gandara,municipality,Philippines
Samar,Region VIII (Eastern Visayas),Luzon,Hinabangan,municipality,Philippines
Samar,Region VIII (Eastern Visayas),Luzon,Jiabong,municipality,Philippines
Samar,Region VIII (Eastern Visayas),Luzon,Marabut,municipality,Philippines
Samar,Region VIII (Eastern Visayas),Luzon,Matuguinao,municipality,Philippines
Samar,Region VIII (Eastern Visayas),Luzon,Motiong,municipality,Philippines
Samar,Region VIII (Eastern Visayas),Luzon,Pagsanghan,municipality,Philippines
Samar,Region VIII (Eastern Visayas),Luzon,Paranas,municipality,Philippines
Samar,Region VIII (Eastern Visayas),Luzon,Pinabacdao,municipality,Philippines
Samar,Region VIII (Eastern Visayas),Luzon,San Jorge,municipality,Philippines
Samar,Region VIII (Eastern Visayas),Luzon,San Jose De Buan,municipality,Philippines
Samar,Region VIII (Eastern Visayas),Luzon,San Sebastian,municipality,Philippines
Samar,Region VIII (Eastern Visayas),Luzon,Santa Margarita,municipality,Philippines
Samar,Region VIII (Eastern Visayas),Luzon,Santa Rita,municipality,Philippines
Samar,Region VIII (Eastern Visayas),Luzon,Santo Niño,municipality,Philippines
Samar,Region VIII (Eastern Visayas),Luzon,Tagapul-An,municipality,Philippines
Samar,Region VIII (Eastern Visayas),Luzon,Talalora,municipality,Philippines
Samar,Region VIII (Eastern Visayas),Luzon,Tarangnan,municipality,Philippines
Samar,Region VIII (Eastern Visayas),Luzon,Villareal,municipality,Philippines
Samar,Region VIII (Eastern Visayas),Luzon,Zumarraga,municipality,Philippines
Southern Leyte,Region VIII (Eastern Visayas),Luzon,Anahawan,municipality,Philippines
Southern Leyte,Region VIII (Eastern Visayas),Luzon,Bontoc,municipality,Philippines
Southern Leyte,Region VIII (Eastern Visayas),Luzon,City of Maasin,component_city,Philippines
Southern Leyte,Region VIII (Eastern Visayas),Luzon,Hinunangan,municipality,Philippines
Southern Leyte,Region VIII (Eastern Visayas),Luzon,Hinundayan,municipality,Philippines
Southern Leyte,Region VIII (Eastern Visayas),Luzon,Libagon,municipality,Philippines
Southern Leyte,Region VIII (Eastern Visayas),Luzon,Liloan,municipality,Philippines
Southern Leyte,Region VIII (Eastern Visayas),Luzon,Limasawa,municipality,Philippines
Southern Leyte,Region VIII (Eastern Visayas),Luzon,Macrohon,municipality,Philippines
Southern Leyte,Region VIII (Eastern Visayas),Luzon,Malitbog,municipality,Philippines
Southern Leyte,Region VIII (Eastern Visayas),Luzon,Padre Burgos,municipality,Philippines
Southern Leyte,Region VIII (Eastern Visayas),Luzon,Pintuyan,municipality,Philippines
Southern Leyte,Region VIII (Eastern Visayas),Luzon,Saint Bernard,municipality,Philippines
Southern Leyte,Region VIII (Eastern Visayas),Luzon,San Francisco,municipality,Philippines
Southern Leyte,Region VIII (Eastern Visayas),Luzon,San Juan,municipality,Philippines
Southern Leyte,Region VIII (Eastern Visayas),Luzon,San Ricardo,municipality,Philippines
Southern Leyte,Region VIII (Eastern Visayas),Luzon,Silago,municipality,Philippines
Southern Leyte,Region VIII (Eastern Visayas),Luzon,Sogod,municipality,Philippines
Southern Leyte,Region VIII (Eastern Visayas),Luzon,Tomas Oppus,municipality,Philippines
Bukidnon,Region X (Northern Mindanao),Mindanao,Baungon,municipality,Philippines
Bukidnon,Region X (Northern Mindanao),Mindanao,Cabanglasan,municipality,Philippines
Bukidnon,Region X (Northern Mindanao),Mindanao,City of Malaybalay,component_city,Philippines
Bukidnon,Region X (Northern Mindanao),Mindanao,City of Valencia,component_city,Philippines
Bukidnon,Region X (Northern Mindanao),Mindanao,Damulog,municipality,Philippines
Bukidnon,Region X (Northern Mindanao),Mindanao,Dangcagan,municipality,Philippines
Bukidnon,Region X (Northern Mindanao),Mindanao,Don Carlos,municipality,Philippines
Bukidnon,Region X (Northern Mindanao),Mindanao,Impasug-ong,municipality,Philippines
Bukidnon,Region X (Northern Mindanao),Mindanao,Kadingilan,municipality,Philippines
Bukidnon,Region X (Northern Mindanao),Mindanao,Kalilangan,municipality,Philippines
Bukidnon,Region X (Northern Mindanao),Mindanao,Kibawe,municipality,Philippines
Bukidnon,Region X (Northern Mindanao),Mindanao,Kitaotao,municipality,Philippines
Bukidnon,Region X (Northern Mindanao),Mindanao,Lantapan,municipality,Philippines
Bukidnon,Region X (Northern Mindanao),Mindanao,Libona,municipality,Philippines
Bukidnon,Region X (Northern Mindanao),Mindanao,Malitbog,municipality,Philippines
Bukidnon,Region X (Northern Mindanao),Mindanao,Manolo Fortich,municipality,Philippines
Bukidnon,Region X (Northern Mindanao),Mindanao,Maramag,municipality,Philippines
Bukidnon,Region X (Northern Mindanao),Mindanao,Pangantucan,municipality,Philippines
Bukidnon,Region X (Northern Mindanao),Mindanao,Quezon,municipality,Philippines
Bukidnon,Region X (Northern Mindanao),Mindanao,San Fernando,municipality,Philippines
Bukidnon,Region X (Northern Mindanao),Mindanao,Sumilao,municipality,Philippines
Bukidnon,Region X (Northern Mindanao),Mindanao,Talakag,municipality,Philippines
Camiguin,Region X (Northern Mindanao),Mindanao,Catarman,municipality,Philippines
Camiguin,Region X (Northern Mindanao),Mindanao,Guinsiliban,municipality,Philippines
Camiguin,Region X (Northern Mindanao),Mindanao,Mahinog,municipality,Philippines
Camiguin,Region X (Northern Mindanao),Mindanao,Mambajao,municipality,Philippines
Camiguin,Region X (Northern Mindanao),Mindanao,Sagay,municipality,Philippines
Lanao del Norte,Region X (Northern Mindanao),Mindanao,Bacolod,municipality,Philippines
Lanao del Norte,Region X (Northern Mindanao),Mindanao,Baloi,municipality,Philippines
Lanao del Norte,Region X (Northern Mindanao),Mindanao,Baroy,municipality,Philippines
Lanao del Norte,Region X (Northern Mindanao),Mindanao,Kapatagan,municipality,Philippines
Lanao del Norte,Region X (Northern Mindanao),Mindanao,Kauswagan,municipality,Philippines
Lanao del Norte,Region X (Northern Mindanao),Mindanao,Kolambugan,municipality,Philippines
Lanao del Norte,Region X (Northern Mindanao),Mindanao,Lala,municipality,Philippines
Lanao del Norte,Region X (Northern Mindanao),Mindanao,Linamon,municipality,Philippines
Lanao del Norte,Region X (Northern Mindanao),Mindanao,Magsaysay,municipality,Philippines
Lanao del Norte,Region X (Northern Mindanao),Mindanao,Maigo,municipality,Philippines
Lanao del Norte,Region X (Northern Mindanao),Mindanao,Matungao,municipality,Philippines
Lanao del Norte,Region X (Northern Mindanao),Mindanao,Munai,municipality,Philippines
Lanao del Norte,Region X (Northern Mindanao),Mindanao,Nunungan,municipality,Philippines
Lanao del Norte,Region X (Northern Mindanao),Mindanao,Pantao Ragat,municipality,Philippines
Lanao del Norte,Region X (Northern Mindanao),Mindanao,Pantar,municipality,Philippines
Lanao del Norte,Region X (Northern Mindanao),Mindanao,Poona Piagapo,municipality,Philippines
Lanao del Norte,Region X (Northern Mindanao),Mindanao,Salvador,municipality,Philippines
Lanao del Norte,Region X (Northern Mindanao),Mindanao,Sapad,municipality,Philippines
Lanao del Norte,Region X (Northern Mindanao),Mindanao,Sultan Naga Dimaporo,municipality,Philippines
Lanao del Norte,Region X (Northern Mindanao),Mindanao,Tagoloan,municipality,Philippines
Lanao del Norte,Region X (Northern Mindanao),Mindanao,Tangcal,municipality,Philippines
Lanao del Norte,Region X (Northern Mindanao),Mindanao,Tubod,municipality,Philippines
Misamis Occidental,Region X (Northern Mindanao),Mindanao,Aloran,municipality,Philippines
Misamis Occidental,Region X (Northern Mindanao),Mindanao,Baliangao,municipality,Philippines
Misamis Occidental,Region X (Northern Mindanao),Mindanao,Bonifacio,municipality,Philippines
Misamis Occidental,Region X (Northern Mindanao),Mindanao,Calamba,municipality,Philippines
Misamis Occidental,Region X (Northern Mindanao),Mindanao,City of Oroquieta,component_city,Philippines
Misamis Occidental,Region X (Northern Mindanao),Mindanao,City of Ozamiz,component_city,Philippines
Misamis Occidental,Region X (Northern Mindanao),Mindanao,City of Tangub,component_city,Philippines
Misamis Occidental,Region X (Northern Mindanao),Mindanao,Clarin,municipality,Philippines
Misamis Occidental,Region X (Northern Mindanao),Mindanao,Concepcion,municipality,Philippines
Misamis Occidental,Region X (Northern Mindanao),Mindanao,Don Victoriano,municipality,Philippines
Misamis Occidental,Region X (Northern Mindanao),Mindanao,Jimenez,municipality,Philippines
Misamis Occidental,Region X (Northern Mindanao),Mindanao,Lopez Jaena,municipality,Philippines
Misamis Occidental,Region X (Northern Mindanao),Mindanao,Panaon,municipality,Philippines
Misamis Occidental,Region X (Northern Mindanao),Mindanao,Plaridel,municipality,Philippines
Misamis Occidental,Region X (Northern Mindanao),Mindanao,Sapang Dalaga,municipality,Philippines
Misamis Occidental,Region X (Northern Mindanao),Mindanao,Sinacaban,municipality,Philippines
Misamis Occidental,Region X (Northern Mindanao),Mindanao,Tudela,municipality,Philippines
Misamis Oriental,Region X (Northern Mindanao),Mindanao,Alubijid,municipality,Philippines
Misamis Oriental,Region X (Northern Mindanao),Mindanao,Balingasag,municipality,Philippines
Misamis Oriental,Region X (Northern Mindanao),Mindanao,Balingoan,municipality,Philippines
Misamis Oriental,Region X (Northern Mindanao),Mindanao,Binuangan,municipality,Philippines
Misamis Oriental,Region X (Northern Mindanao),Mindanao,City of El Salvador,component_city,Philippines
Misamis Oriental,Region X (Northern Mindanao),Mindanao,City of Gingoog,component_city,Philippines
Misamis Oriental,Region X (Northern Mindanao),Mindanao,Claveria,municipality,Philippines
Misamis Oriental,Region X (Northern Mindanao),Mindanao,Gitagum,municipality,Philippines
Misamis Oriental,Region X (Northern Mindanao),Mindanao,Initao,municipality,Philippines
Misamis Oriental,Region X (Northern Mindanao),Mindanao,Jasaan,municipality,Philippines
Misamis Oriental,Region X (Northern Mindanao),Mindanao,Kinoguitan,municipality,Philippines
Misamis Oriental,Region X (Northern Mindanao),Mindanao,Lagonglong,municipality,Philippines
Misamis Oriental,Region X (Northern Mindanao),Mindanao,Laguindingan,municipality,Philippines
Misamis Oriental,Region X (Northern Mindanao),Mindanao,Libertad,municipality,Philippines
Misamis Oriental,Region X (Northern Mindanao),Mindanao,Lugait,municipality,Philippines
Misamis Oriental,Region X (Northern Mindanao),Mindanao,Magsaysay,municipality,Philippines
Misamis Oriental,Region X (Northern Mindanao),Mindanao,Manticao,municipality,Philippines
Misamis Oriental,Region X (Northern Mindanao),Mindanao,Medina,municipality,Philippines
Misamis Oriental,Region X (Northern Mindanao),Mindanao,Naawan,municipality,Philippines
Misamis Oriental,Region X (Northern Mindanao),Mindanao,Opol,municipality,Philippines
Misamis Oriental,Region X (Northern Mindanao),Mindanao,Salay,municipality,Philippines
Misamis Oriental,Region X (Northern Mindanao),Mindanao,Sugbongcogon,municipality,Philippines
Misamis Oriental,Region X (Northern Mindanao),Mindanao,Tagoloan,municipality,Philippines
Misamis Oriental,Region X (Northern Mindanao),Mindanao,Talisayan,municipality,Philippines
Misamis Oriental,Region X (Northern Mindanao),Mindanao,Villanueva,municipality,Philippines
Davao Occidental,Region XI (Davao Region),Mindanao,Don Marcelino,municipality,Philippines
Davao Occidental,Region XI (Davao Region),Mindanao,Jose Abad Santos,municipality,Philippines
Davao Occidental,Region XI (Davao Region),Mindanao,Malita,municipality,Philippines
Davao Occidental,Region XI (Davao Region),Mindanao,Santa Maria,municipality,Philippines
Davao Occidental,Region XI (Davao Region),Mindanao,Sarangani,municipality,Philippines
Davao Oriental,Region XI (Davao Region),Mindanao,Baganga,municipality,Philippines
Davao Oriental,Region XI (Davao Region),Mindanao,Banaybanay,municipality,Philippines
Davao Oriental,Region XI (Davao Region),Mindanao,Boston,municipality,Philippines
Davao Oriental,Region XI (Davao Region),Mindanao,Caraga,municipality,Philippines
Davao Oriental,Region XI (Davao Region),Mindanao,Cateel,municipality,Philippines
Davao Oriental,Region XI (Davao Region),Mindanao,City of Mati,component_city,Philippines
Davao Oriental,Region XI (Davao Region),Mindanao,Governor Generoso,municipality,Philippines
Davao Oriental,Region XI (Davao Region),Mindanao,Lupon,municipality,Philippines
Davao Oriental,Region XI (Davao Region),Mindanao,Manay,municipality,Philippines
Davao Oriental,Region XI (Davao Region),Mindanao,San Isidro,municipality,Philippines
Davao Oriental,Region XI (Davao Region),Mindanao,Tarragona,municipality,Philippines
Davao de Oro,Region XI (Davao Region),Mindanao,Compostela,municipality,Philippines
Davao de Oro,Region XI (Davao Region),Mindanao,Laak,municipality,Philippines
Davao de Oro,Region XI (Davao Region),Mindanao,Mabini,municipality,Philippines
Davao de Oro,Region XI (Davao Region),Mindanao,Maco,municipality,Philippines
Davao de Oro,Region XI (Davao Region),Mindanao,Maragusan,municipality,Philippines
Davao de Oro,Region XI (Davao Region),Mindanao,Mawab,municipality,Philippines
Davao de Oro,Region XI (Davao Region),Mindanao,Monkayo,municipality,Philippines
Davao de Oro,Region XI (Davao Region),Mindanao,Montevista,municipality,Philippines
Davao de Oro,Region XI (Davao Region),Mindanao,Nabunturan,municipality,Philippines
Davao de Oro,Region XI (Davao Region),Mindanao,New Bataan,municipality,Philippines
Davao de Oro,Region XI (Davao Region),Mindanao,Pantukan,municipality,Philippines
Davao del Norte,Region XI (Davao Region),Mindanao,Asuncion,municipality,Philippines
Davao del Norte,Region XI (Davao Region),Mindanao,Braulio E. Dujali,municipality,Philippines
Davao del Norte,Region XI (Davao Region),Mindanao,Carmen,municipality,Philippines
Davao del Norte,Region XI (Davao Region),Mindanao,City of Panabo,component_city,Philippines
Davao del Norte,Region XI (Davao Region),Mindanao,City of Tagum,component_city,Philippines
Davao del Norte,Region XI (Davao Region),Mindanao,Island Garden City of Samal,component_city,Philippines
Davao del Norte,Region XI (Davao Region),Mindanao,Kapalong,municipality,Philippines
Davao del Norte,Region XI (Davao Region),Mindanao,New Corella,municipality,Philippines
Davao del Norte,Region XI (Davao Region),Mindanao,Santo Tomas,municipality,Philippines
Davao del Norte,Region XI (Davao Region),Mindanao,Sawata,municipality,Philippines
Davao del Norte,Region XI (Davao Region),Mindanao,Talaingod,municipality,Philippines
Davao del Sur,Region XI (Davao Region),Mindanao,Bansalan,municipality,Philippines
Davao del Sur,Region XI (Davao Region),Mindanao,City of Digos,component_city,Philippines
Davao del Sur,Region XI (Davao Region),Mindanao,Hagonoy,municipality,Philippines
Davao del Sur,Region XI (Davao Region),Mindanao,Kiblawan,municipality,Philippines
Davao del Sur,Region XI (Davao Region),Mindanao,Magsaysay,municipality,Philippines
Davao del Sur,Region XI (Davao Region),Mindanao,Malalag,municipality,Philippines
Davao del Sur,Region XI (Davao Region),Mindanao,Matanao,municipality,Philippines
Davao del Sur,Region XI (Davao Region),Mindanao,Padada,municipality,Philippines
Davao del Sur,Region XI (Davao Region),Mindanao,Santa Cruz,municipality,Philippines
Davao del Sur,Region XI (Davao Region),Mindanao,Sulop,municipality,Philippines
Cotabato,Region XII (SOCCSKSARGEN),Mindanao,Alamada,municipality,Philippines
Cotabato,Region XII (SOCCSKSARGEN),Mindanao,Aleosan,municipality,Philippines
Cotabato,Region XII (SOCCSKSARGEN),Mindanao,Antipas,municipality,Philippines
Cotabato,Region XII (SOCCSKSARGEN),Mindanao,Arakan,municipality,Philippines
Cotabato,Region XII (SOCCSKSARGEN),Mindanao,Banisilan,municipality,Philippines
Cotabato,Region XII (SOCCSKSARGEN),Mindanao,Carmen,municipality,Philippines
Cotabato,Region XII (SOCCSKSARGEN),Mindanao,City of Kidapawan,component_city,Philippines
Cotabato,Region XII (SOCCSKSARGEN),Mindanao,Kabacan,municipality,Philippines
Cotabato,Region XII (SOCCSKSARGEN),Mindanao,Libungan,municipality,Philippines
Cotabato,Region XII (SOCCSKSARGEN),Mindanao,M'Lang,municipality,Philippines
Cotabato,Region XII (SOCCSKSARGEN),Mindanao,Magpet,municipality,Philippines
Cotabato,Region XII (SOCCSKSARGEN),Mindanao,Makilala,municipality,Philippines
Cotabato,Region XII (SOCCSKSARGEN),Mindanao,Matalam,municipality,Philippines
Cotabato,Region XII (SOCCSKSARGEN),Mindanao,Midsayap,municipality,Philippines
Cotabato,Region XII (SOCCSKSARGEN),Mindanao,Pigkawayan,municipality,Philippines
Cotabato,Region XII (SOCCSKSARGEN),Mindanao,Pikit,municipality,Philippines
Cotabato,Region XII (SOCCSKSARGEN),Mindanao,President Roxas,municipality,Philippines
Cotabato,Region XII (SOCCSKSARGEN),Mindanao,Tulunan,municipality,Philippines
Sarangani,Region XII (SOCCSKSARGEN),Mindanao,Alabel,municipality,Philippines
Sarangani,Region XII (SOCCSKSARGEN),Mindanao,Glan,municipality,Philippines
Sarangani,Region XII (SOCCSKSARGEN),Mindanao,Kiamba,municipality,Philippines
Sarangani,Region XII (SOCCSKSARGEN),Mindanao,Maasim,municipality,Philippines
Sarangani,Region XII (SOCCSKSARGEN),Mindanao,Maitum,municipality,Philippines
Sarangani,Region XII (SOCCSKSARGEN),Mindanao,Malapatan,municipality,Philippines
Sarangani,Region XII (SOCCSKSARGEN),Mindanao,Malungon,municipality,Philippines
South Cotabato,Region XII (SOCCSKSARGEN),Mindanao,Banga,municipality,Philippines
South Cotabato,Region XII (SOCCSKSARGEN),Mindanao,City of Koronadal,component_city,Philippines
South Cotabato,Region XII (SOCCSKSARGEN),Mindanao,Lake Sebu,municipality,Philippines
South Cotabato,Region XII (SOCCSKSARGEN),Mindanao,Norala,municipality,Philippines
South Cotabato,Region XII (SOCCSKSARGEN),Mindanao,Polomolok,municipality,Philippines
South Cotabato,Region XII (SOCCSKSARGEN),Mindanao,Santo Niño,municipality,Philippines
South Cotabato,Region XII (SOCCSKSARGEN),Mindanao,Surallah,municipality,Philippines
South Cotabato,Region XII (SOCCSKSARGEN),Mindanao,T'Boli,municipality,Philippines
South Cotabato,Region XII (SOCCSKSARGEN),Mindanao,Tampakan,municipality,Philippines
South Cotabato,Region XII (SOCCSKSARGEN),Mindanao,Tantangan,municipality,Philippines
South Cotabato,Region XII (SOCCSKSARGEN),Mindanao,Tupi,municipality,Philippines
Sultan Kudarat,Region XII (SOCCSKSARGEN),Mindanao,Bagumbayan,municipality,Philippines
Sultan Kudarat,Region XII (SOCCSKSARGEN),Mindanao,City of Tacurong,component_city,Philippines
Sultan Kudarat,Region XII (SOCCSKSARGEN),Mindanao,Columbio,municipality,Philippines
Sultan Kudarat,Region XII (SOCCSKSARGEN),Mindanao,Esperanza,municipality,Philippines
Sultan Kudarat,Region XII (SOCCSKSARGEN),Mindanao,Isulan,municipality,Philippines
Sultan Kudarat,Region XII (SOCCSKSARGEN),Mindanao,Kalamansig,municipality,Philippines
Sultan Kudarat,Region XII (SOCCSKSARGEN),Mindanao,Lambayong,municipality,Philippines
Sultan Kudarat,Region XII (SOCCSKSARGEN),Mindanao,Lebak,municipality,Philippines
Sultan Kudarat,Region XII (SOCCSKSARGEN),Mindanao,Lutayan,municipality,Philippines
Sultan Kudarat,Region XII (SOCCSKSARGEN),Mindanao,Palimbang,municipality,Philippines
Sultan Kudarat,Region XII (SOCCSKSARGEN),Mindanao,President Quirino,municipality,Philippines
Sultan Kudarat,Region XII (SOCCSKSARGEN),Mindanao,Sen. Ninoy Aquino,municipality,Philippines
Agusan del Norte,Region XIII (Caraga),Luzon,Buenavista,municipality,Philippines
Agusan del Norte,Region XIII (Caraga),Luzon,Carmen,municipality,Philippines
Agusan del Norte,Region XIII (Caraga),Luzon,City of Cabadbaran,component_city,Philippines
Agusan del Norte,Region XIII (Caraga),Luzon,Jabonga,municipality,Philippines
Agusan del Norte,Region XIII (Caraga),Luzon,Kitcharao,municipality,Philippines
Agusan del Norte,Region XIII (Caraga),Luzon,Las Nieves,municipality,Philippines
Agusan del Norte,Region XIII (Caraga),Luzon,Magallanes,municipality,Philippines
Agusan del Norte,Region XIII (Caraga),Luzon,Nasipit,municipality,Philippines
Agusan del Norte,Region XIII (Caraga),Luzon,Remedios T. Romualdez,municipality,Philippines
Agusan del Norte,Region XIII (Caraga),Luzon,Santiago,municipality,Philippines
Agusan del Norte,Region XIII (Caraga),Luzon,Tubay,municipality,Philippines
Agusan del Sur,Region XIII (Caraga),Luzon,Bunawan,municipality,Philippines
Agusan del Sur,Region XIII (Caraga),Luzon,City of Bayugan,component_city,Philippines
Agusan del Sur,Region XIII (Caraga),Luzon,Esperanza,municipality,Philippines
Agusan del Sur,Region XIII (Caraga),Luzon,La Paz,municipality,Philippines
Agusan del Sur,Region XIII (Caraga),Luzon,Loreto,municipality,Philippines
Agusan del Sur,Region XIII (Caraga),Luzon,Prosperidad,municipality,Philippines
Agusan del Sur,Region XIII (Caraga),Luzon,Rosario,municipality,Philippines
Agusan del Sur,Region XIII (Caraga),Luzon,San Francisco,municipality,Philippines
Agusan del Sur,Region XIII (Caraga),Luzon,San Luis,municipality,Philippines
Agusan del Sur,Region XIII (Caraga),Luzon,Santa Josefa,municipality,Philippines
Agusan del Sur,Region XIII (Caraga),Luzon,Sibagat,municipality,Philippines
Agusan del Sur,Region XIII (Caraga),Luzon,Talacogon,municipality,Philippines
Agusan del Sur,Region XIII (Caraga),Luzon,Trento,municipality,Philippines
Agusan del Sur,Region XIII (Caraga),Luzon,Veruela,municipality,Philippines
Dinagat Islands,Region XIII (Caraga),Luzon,Basilisa,municipality,Philippines
Dinagat Islands,Region XIII (Caraga),Luzon,Cagdianao,municipality,Philippines
Dinagat Islands,Region XIII (Caraga),Luzon,Dinagat,municipality,Philippines
Dinagat Islands,Region XIII (Caraga),Luzon,Libjo,municipality,Philippines
Dinagat Islands,Region XIII (Caraga),Luzon,Loreto,municipality,Philippines
Dinagat Islands,Region XIII (Caraga),Luzon,San Jose,municipality,Philippines
Dinagat Islands,Region XIII (Caraga),Luzon,Tubajon,municipality,Philippines
Surigao del Norte,Region XIII (Caraga),Luzon,Alegria,municipality,Philippines
Surigao del Norte,Region XIII (Caraga),Luzon,Bacuag,municipality,Philippines
Surigao del Norte,Region XIII (Caraga),Luzon,Burgos,municipality,Philippines
Surigao del Norte,Region XIII (Caraga),Luzon,City of Surigao,component_city,Philippines
Surigao del Norte,Region XIII (Caraga),Luzon,Claver,municipality,Philippines
Surigao del Norte,Region XIII (Caraga),Luzon,Dapa,municipality,Philippines
Surigao del Norte,Region XIII (Caraga),Luzon,Del Carmen,municipality,Philippines
Surigao del Norte,Region XIII (Caraga),Luzon,General Luna,municipality,Philippines
Surigao del Norte,Region XIII (Caraga),Luzon,Gigaquit,municipality,Philippines
Surigao del Norte,Region XIII (Caraga),Luzon,Mainit,municipality,Philippines
Surigao del Norte,Region XIII (Caraga),Luzon,Malimono,municipality,Philippines
Surigao del Norte,Region XIII (Caraga),Luzon,Pilar,municipality,Philippines
Surigao del Norte,Region XIII (Caraga),Luzon,Placer,municipality,Philippines
Surigao del Norte,Region XIII (Caraga),Luzon,San Benito,municipality,Philippines
Surigao del Norte,Region XIII (Caraga),Luzon,San Francisco,municipality,Philippines
Surigao del Norte,Region XIII (Caraga),Luzon,San Isidro,municipality,Philippines
Surigao del Norte,Region XIII (Caraga),Luzon,Santa Monica,municipality,Philippines
Surigao del Norte,Region XIII (Caraga),Luzon,Sison,municipality,Philippines
Surigao del Norte,Region XIII (Caraga),Luzon,Socorro,municipality,Philippines
Surigao del Norte,Region XIII (Caraga),Luzon,Tagana-An,municipality,Philippines
Surigao del Norte,Region XIII (Caraga),Luzon,Tubod,municipality,Philippines
Surigao del Sur,Region XIII (Caraga),Luzon,Barobo,municipality,Philippines
Surigao del Sur,Region XIII (Caraga),Luzon,Bayabas,municipality,Philippines
Surigao del Sur,Region XIII (Caraga),Luzon,Cagwait,municipality,Philippines
Surigao del Sur,Region XIII (Caraga),Luzon,Cantilan,municipality,Philippines
Surigao del Sur,Region XIII (Caraga),Luzon,Carmen,municipality,Philippines
Surigao del Sur,Region XIII (Caraga),Luzon,Carrascal,municipality,Philippines
Surigao del Sur,Region XIII (Caraga),Luzon,City of Bislig,component_city,Philippines
Surigao del Sur,Region XIII (Caraga),Luzon,City of Tandag,component_city,Philippines
Surigao del Sur,Region XIII (Caraga),Luzon,Cortes,municipality,Philippines
Surigao del Sur,Region XIII (Caraga),Luzon,Hinatuan,municipality,Philippines
Surigao del Sur,Region XIII (Caraga),Luzon,Lanuza,municipality,Philippines
Surigao del Sur,Region XIII (Caraga),Luzon,Lianga,municipality,Philippines
Surigao del Sur,Region XIII (Caraga),Luzon,Lingig,municipality,Philippines
Surigao del Sur,Region XIII (Caraga),Luzon,Madrid,municipality,Philippines
Surigao del Sur,Region XIII (Caraga),Luzon,Marihatag,municipality,Philippines
Surigao del Sur,Region XIII (Caraga),Luzon,San Agustin,municipality,Philippines
Surigao del Sur,Region XIII (Caraga),Luzon,San Miguel,municipality,Philippines
Surigao del Sur,Region XIII (Caraga),Luzon,Tagbina,municipality,Philippines
Surigao del Sur,Region XIII (Caraga),Luzon,Tago,municipality,Philippines
